no,id,group,firstParti,sndParti,gender,age,residentArea,maritalStatus,children,occupation,education,covidInfecRecord,vaccRecord1stSurvey,vaccReservation,device,start_time,end_time,time
1,2KFHmR6EVjTB,3,,1,1,41,23,2,1,1,6,2,3,1,1,2021-08-26 16:10:45,2021-08-26 16:17:25,7
2,iHQd2X4WxXKT,14,,1,1,33,33,1,2,11,6,2,3,2,1,2021-08-26 16:11:33,2021-08-26 16:12:35,1
5,8IAdujTsj7C2,20,,1,2,30,24,2,2,5,6,2,3,2,5,2021-08-26 16:12:24,2021-08-26 16:12:57,1
7,ID7fg15uaOax,20,,1,2,34,5,1,2,11,4,2,3,2,2,2021-08-26 16:13:06,2021-08-26 16:14:08,1
8,EsC3bfIpfxeS,15,,1,1,44,8,2,2,1,4,2,3,2,4,2021-08-26 16:13:48,2021-08-26 16:14:27,1
9,j0XffQr1hTjS,21,,1,2,46,23,3,1,11,2,2,3,2,1,2021-08-26 16:13:50,2021-08-26 16:14:50,1
10,2uAysoGBPttN,8,,1,2,31,23,2,2,1,5,2,3,1,4,2021-08-26 16:14:38,2021-08-26 16:21:32,7
12,fHvWivrsEsER,15,1,1,1,42,13,3,2,14,4,2,3,2,4,2021-08-26 16:15:13,2021-08-26 16:16:01,1
16,1UbuqzXB04UA,13,,1,1,25,8,1,2,1,6,2,3,2,1,2021-08-26 16:16:35,2021-08-26 16:17:22,1
17,LTwWI6mJVCFB,2,,1,1,30,27,1,2,4,6,2,3,1,1,2021-08-26 16:16:57,2021-08-26 16:17:33,1
18,mjtV7g5v1iW9,13,,1,1,23,27,1,2,13,6,2,3,2,1,2021-08-26 16:17:02,2021-08-26 16:17:49,1
20,6cWKlSNHdYxQ,13,,1,1,22,24,1,2,1,6,2,3,2,1,2021-08-26 16:18:03,2021-08-26 16:19:02,1
21,51aeKd5ShRIm,14,1,1,1,31,14,1,2,11,6,2,3,2,5,2021-08-26 16:18:28,2021-08-26 16:23:29,5
23,BidxckcqEroS,14,,1,1,39,40,1,2,14,4,2,3,2,4,2021-08-26 16:19:01,2021-08-26 16:21:19,2
24,eG3B055MuE7y,10,,1,2,57,11,3,2,1,6,2,3,1,4,2021-08-26 16:19:58,2021-08-26 16:20:40,1
25,Ia8HUk6DTDQM,3,,1,1,44,28,1,2,14,2,2,3,1,4,2021-08-26 16:20:40,2021-08-26 16:21:29,1
26,bd9pQJIwZQ88,20,,1,2,34,4,2,1,1,6,2,3,2,1,2021-08-26 16:20:49,2021-08-26 16:21:26,1
28,9YftZQKjcC83,8,1,1,2,39,11,2,1,12,2,2,3,1,1,2021-08-26 16:21:13,2021-08-26 16:22:43,2
29,9nfBreAmmILZ,7,,1,2,26,38,2,1,12,6,2,3,1,1,2021-08-26 16:21:46,2021-08-26 16:22:24,1
36,J0yV3wkTCvBx,20,1,1,2,39,40,1,2,6,4,2,3,2,1,2021-08-26 16:24:15,2021-08-26 16:31:07,7
37,DWOclhSyBpM0,20,,1,2,37,47,1,2,15,2,2,3,2,2,2021-08-26 16:24:55,2021-08-26 16:25:49,1
42,diIyoeUYBKoU,9,,1,2,48,14,2,2,12,6,2,3,1,4,2021-08-26 16:27:36,2021-08-26 16:29:04,1
45,9ZLYCMPjysAI,20,,1,2,36,27,1,2,1,6,2,3,2,4,2021-08-26 16:29:05,2021-08-26 16:29:36,1
48,5qOQ6xzoJiVO,23,,1,2,60,1,2,1,12,5,2,3,2,2,2021-08-26 16:29:47,2021-08-26 16:30:19,1
49,fuLDWdVk2q48,9,,1,2,41,40,1,2,4,5,2,3,1,1,2021-08-26 16:30:31,2021-08-26 16:31:23,1
52,aa8LT1EMBS5f,3,,1,1,47,1,2,2,1,2,2,3,1,4,2021-08-26 16:31:33,2021-08-26 16:32:18,1
55,mLft3ifnlRa5,21,,1,2,49,26,2,1,1,2,2,3,2,1,2021-08-26 16:33:38,2021-08-26 16:35:01,1
59,JKRiwEPtdYCT,21,,1,2,41,43,2,1,1,2,2,3,2,5,2021-08-26 16:35:17,2021-08-26 16:35:56,1
60,8z51nVlNr41c,14,,1,1,33,11,2,1,2,6,2,3,2,1,2021-08-26 16:36:14,2021-08-26 16:37:01,1
61,KDTTJssBuznD,13,,1,1,22,14,1,2,13,2,2,3,2,1,2021-08-26 16:38:05,2021-08-26 16:38:44,1
65,C67CqDHSTsQz,19,1,1,2,21,28,1,2,14,2,2,3,2,1,2021-08-26 16:39:19,2021-08-26 16:40:54,2
66,1lz14PYCPQL8,14,,1,1,35,9,1,2,8,2,2,3,2,5,2021-08-26 16:40:50,2021-08-26 16:41:21,1
67,4kFW9aHp3UgF,20,,1,2,32,23,1,2,11,2,2,3,2,1,2021-08-26 16:42:33,2021-08-26 16:49:50,7
68,B54nglSP3rdI,19,,1,2,21,13,1,2,1,4,2,3,2,1,2021-08-26 16:43:24,2021-08-26 16:44:10,1
70,DOrvp2gQ6ife,15,,1,1,43,10,2,2,10,6,2,3,2,4,2021-08-26 16:44:56,2021-08-26 16:45:49,1
71,aC8PanFsubX5,19,,1,2,20,1,1,2,13,6,2,3,2,1,2021-08-26 16:45:42,2021-08-26 16:46:41,1
72,1Z1nsYMaZnyI,22,1,1,2,56,1,1,2,14,4,2,3,2,1,2021-08-26 16:46:25,2021-08-26 16:48:45,2
76,C4Pm1PttgcXq,20,,1,2,34,13,1,2,11,2,2,3,2,4,2021-08-26 16:48:02,2021-08-26 16:48:52,1
83,9DGTT79iKFAJ,8,,1,2,36,28,3,2,11,2,2,3,1,5,2021-08-26 16:51:51,2021-08-26 16:52:25,1
84,AdtmstkINPdl,13,1,1,1,29,8,1,2,1,2,2,3,2,2,2021-08-26 16:52:04,2021-08-26 16:53:28,1
86,mTmJCKsSPWlp,9,1,1,2,44,1,1,2,6,2,2,3,1,1,2021-08-26 16:53:45,2021-08-26 16:54:39,1
90,fDZL6quZgtqi,19,,1,2,29,13,1,2,1,6,2,3,2,1,2021-08-26 16:55:38,2021-08-26 16:57:26,2
91,8er54QgyhRhW,21,,1,2,48,12,2,2,3,6,2,3,2,5,2021-08-26 16:56:24,2021-08-26 16:56:51,0
92,K8KtMmYwLCfs,11,1,1,2,67,22,3,1,14,2,2,3,1,4,2021-08-26 16:56:38,2021-08-26 16:57:45,1
96,I2vMKBWXaQc7,2,1,1,1,38,14,2,1,1,6,2,3,1,1,2021-08-26 17:00:12,2021-08-26 17:00:55,1
98,cD77e3Zi0iik,19,,1,2,24,14,1,2,11,6,2,3,2,1,2021-08-26 17:01:16,2021-08-26 17:02:22,1
105,eNcYXeGxF3km,15,,1,1,43,14,2,1,1,6,2,3,2,1,2021-08-26 17:05:29,2021-08-26 17:06:33,1
108,8vh2NODQBXVQ,2,,1,1,30,23,1,2,15,6,2,3,1,5,2021-08-26 17:09:40,2021-08-26 17:10:17,1
113,HaYGDmhmlyWo,7,,1,2,28,13,1,2,1,6,2,3,1,1,2021-08-26 17:16:48,2021-08-26 17:17:38,1
114,4lXqTpQPrqLy,14,,1,1,35,34,1,2,5,5,2,3,2,3,2021-08-26 17:17:20,2021-08-26 17:18:02,1
118,gcrmyEu0f93W,19,,1,2,22,13,1,2,11,6,2,3,2,4,2021-08-26 17:19:01,2021-08-26 17:19:29,0
120,EkSU4KEM3Sh4,20,,1,2,38,1,2,2,12,6,2,3,2,4,2021-08-26 17:21:15,2021-08-26 17:22:06,1
121,gHSgpA3r4kKt,17,,1,1,61,23,1,2,5,2,2,3,2,6,2021-08-26 17:22:03,2021-08-26 17:23:20,1
127,bHDEjnwDHfEK,3,1,1,1,41,11,1,2,7,2,2,3,1,5,2021-08-26 17:29:28,2021-08-26 17:30:03,1
132,7B9VyDumWUfT,10,1,1,2,59,1,2,2,12,6,2,3,1,2,2021-08-26 17:32:22,2021-08-26 17:32:57,1
133,DxOZ0JWYdiEN,13,,1,1,29,1,1,2,14,6,2,3,2,4,2021-08-26 17:32:42,2021-08-26 17:33:13,1
136,Frq7otttak1R,14,,1,1,31,25,1,2,1,6,2,3,2,4,2021-08-26 17:36:14,2021-08-26 17:37:24,1
138,KBcpNE2Pzn6e,17,1,1,1,64,26,2,1,11,6,2,3,2,5,2021-08-26 17:36:50,2021-08-26 17:44:03,7
142,mHQ9uXxP2S6l,16,,1,1,57,33,2,1,1,6,2,3,2,2,2021-08-26 17:38:44,2021-08-26 17:39:24,1
143,N07lGzdupw8C,9,,1,2,45,7,2,1,12,4,2,3,1,4,2021-08-26 17:39:02,2021-08-26 17:39:48,1
146,HlJ1IKbAf45t,11,,1,2,63,14,1,2,14,6,2,3,1,4,2021-08-26 17:40:59,2021-08-26 17:42:02,1
151,96lfhD26zvy1,22,,1,2,59,14,2,1,12,2,2,3,2,5,2021-08-26 17:42:53,2021-08-26 17:44:01,1
155,mwkGNk8rTCwN,20,,1,2,32,19,2,2,12,6,2,3,2,1,2021-08-26 17:46:35,2021-08-26 17:47:14,1
158,596fi9yd1OPv,19,,1,2,25,13,1,2,6,6,2,3,2,5,2021-08-26 17:47:48,2021-08-26 17:48:37,1
163,K8YLWxxTI3xm,16,,1,1,55,12,2,1,1,6,2,3,2,4,2021-08-26 17:51:47,2021-08-26 17:52:48,1
164,2gzfV25nPfw6,22,,1,2,50,12,3,2,5,5,2,3,2,4,2021-08-26 17:52:37,2021-08-26 17:53:19,1
166,1qFMwYfZ3n8I,19,,1,2,25,1,1,2,14,2,2,3,2,6,2021-08-26 17:53:12,2021-08-26 17:54:27,1
169,ftzU4ntUXmSO,13,,1,1,24,28,1,2,1,6,2,3,2,4,2021-08-26 17:57:43,2021-08-26 17:58:30,1
171,ddtv2ZlZFwH5,22,,1,2,50,13,1,2,1,6,2,3,2,1,2021-08-26 18:00:19,2021-08-26 18:01:06,1
172,2vPF8aobbtnI,20,,1,2,35,13,1,2,14,2,2,3,2,1,2021-08-26 18:00:32,2021-08-26 18:01:00,0
173,H1XNEeEl0DxU,15,1,1,1,44,29,2,1,1,6,2,3,2,4,2021-08-26 18:00:50,2021-08-26 18:01:38,1
174,n0xnhG6RQI4X,17,,1,1,61,13,3,1,2,6,2,3,2,5,2021-08-26 18:00:53,2021-08-26 18:01:27,1
176,6wPI5RRUvPX3,14,,1,1,34,13,1,2,14,2,2,3,2,2,2021-08-26 18:02:32,2021-08-26 18:03:25,1
177,jPgOI19VwoOb,19,,1,2,24,13,1,2,5,2,2,3,2,1,2021-08-26 18:04:56,2021-08-26 18:05:42,1
178,J5xuPfJEzUBe,13,,1,1,29,4,1,2,14,2,2,3,2,5,2021-08-26 18:06:01,2021-08-26 18:06:28,0
186,dJqtaocPJGDP,14,,1,1,38,14,1,2,1,6,2,3,2,1,2021-08-26 18:12:43,2021-08-26 18:14:23,2
190,hVuEUaagDLrG,14,,1,1,33,27,3,2,9,6,2,3,2,4,2021-08-26 18:15:09,2021-08-26 18:21:09,6
191,mVbHbflgIwaI,19,,1,2,24,27,1,2,1,6,2,3,2,5,2021-08-26 18:15:33,2021-08-26 18:16:08,1
192,jsHE4av5jdFW,17,,1,1,61,13,1,2,1,2,2,3,2,1,2021-08-26 18:19:27,2021-08-26 18:20:07,1
197,b8XUWTKXSIM1,15,,1,1,48,12,1,2,11,6,2,3,2,4,2021-08-26 18:21:47,2021-08-26 18:22:34,1
202,lR8Z3PmsHUY3,8,,1,2,35,11,2,1,12,6,2,3,1,1,2021-08-26 18:30:18,2021-08-26 18:31:25,1
203,a0DaZQVIzAai,15,1,1,1,45,14,2,1,2,6,2,3,2,5,2021-08-26 18:30:26,2021-08-26 18:30:56,1
205,fKKOfy617pQz,21,1,1,2,49,13,2,2,12,6,2,3,2,2,2021-08-26 18:30:50,2021-08-26 18:33:28,3
206,FUyFyZ7HDang,21,1,1,2,43,40,3,1,1,1,2,3,2,1,2021-08-26 18:31:19,2021-08-26 18:33:35,2
207,eKq1hfeRZ39d,22,,1,2,55,32,1,2,14,6,2,3,2,5,2021-08-26 18:32:10,2021-08-26 18:33:43,2
208,LArE9cHsJpuu,21,,1,2,42,14,2,2,11,6,2,3,2,4,2021-08-26 18:35:27,2021-08-26 18:35:52,0
214,mBmVnSWEYOg8,21,,1,2,47,13,1,2,14,4,2,3,2,1,2021-08-26 18:39:06,2021-08-26 18:39:50,1
218,A5hRVXUj3Y35,20,1,1,2,35,13,1,2,14,2,2,3,2,5,2021-08-26 18:43:33,2021-08-26 18:59:59,16
219,8egcl6O2mubo,15,,1,1,43,14,1,2,11,4,2,3,2,1,2021-08-26 18:45:02,2021-08-26 18:45:51,1
220,HlQ1IBfe6aGz,20,,1,2,33,7,1,2,5,5,2,3,2,5,2021-08-26 18:47:10,2021-08-26 18:47:54,1
221,b6YPGKWFkZqa,16,,1,1,52,34,2,1,1,6,2,3,2,1,2021-08-26 18:47:38,2021-08-26 18:48:23,1
223,7U8xTXiIXs3F,13,,1,1,22,11,1,2,11,2,2,3,2,1,2021-08-26 18:49:25,2021-08-26 18:50:04,1
228,cl69uxwd1kvL,14,,1,1,31,20,1,2,4,6,2,3,2,4,2021-08-26 18:56:11,2021-08-26 18:56:49,1
229,Bx1JdJLDeRDQ,2,,1,1,34,11,1,2,11,1,2,3,1,5,2021-08-26 18:57:14,2021-08-26 18:57:45,1
230,a0AIGES7ghFN,13,1,1,1,20,4,1,2,13,6,2,3,2,6,2021-08-26 18:58:41,2021-08-26 18:59:28,1
235,hvM2ZyYAAPDM,14,,1,1,32,11,2,2,1,6,2,3,2,4,2021-08-26 19:01:47,2021-08-26 19:02:22,1
236,l3LuYi0pKFx7,13,,1,1,23,6,1,2,14,3,2,3,2,4,2021-08-26 19:02:54,2021-08-26 19:03:48,1
237,fnhlb7I2EtBM,7,1,1,2,24,45,1,2,5,2,2,3,1,1,2021-08-26 19:05:43,2021-08-26 19:06:37,1
238,kirI0h9U8Bvs,2,,1,1,32,13,1,2,1,6,2,3,1,4,2021-08-26 19:06:32,2021-08-26 19:07:29,1
240,iCso8ktsKtaC,21,,1,2,43,29,2,1,12,6,2,3,2,5,2021-08-26 19:08:30,2021-08-26 19:09:12,1
242,GzpeQz8Th8mn,21,,1,2,47,28,2,1,11,4,2,3,2,1,2021-08-26 19:09:44,2021-08-26 19:12:33,3
245,5k8PFnNdSNnG,20,,1,2,31,11,1,2,14,6,2,3,2,1,2021-08-26 19:15:48,2021-08-26 20:09:19,54
246,lVMfRAmERfB1,4,1,1,1,55,22,2,1,2,6,2,3,1,1,2021-08-26 19:16:04,2021-08-26 19:17:02,1
254,grlxk72bmGwD,19,,1,2,24,3,1,2,14,4,2,3,2,1,2021-08-26 19:26:45,2021-08-26 19:29:01,2
261,5uxTVeHQXq31,3,,1,1,43,12,2,1,1,6,2,3,1,2,2021-08-26 19:35:56,2021-08-26 19:37:04,1
263,Ei5ZmfH4Q9YW,20,,1,2,32,16,1,2,14,1,2,3,2,5,2021-08-26 19:38:42,2021-08-26 19:39:55,1
265,bUjgYAo4Az7O,10,,1,2,52,1,2,2,11,5,2,3,1,4,2021-08-26 19:39:23,2021-08-26 19:40:06,1
267,mnPgcjcy2IoY,1,,1,1,24,13,1,2,1,6,2,3,1,1,2021-08-26 19:41:07,2021-08-26 19:41:51,1
268,f4Fpsq04NF6s,13,1,1,1,24,12,1,2,14,2,2,3,2,4,2021-08-26 19:43:47,2021-08-26 19:44:55,1
269,JOF0x7inzFTg,14,,1,1,31,29,2,2,1,6,2,3,2,1,2021-08-26 19:44:05,2021-08-26 19:45:10,1
274,GUqvU7dvBstN,2,,1,1,37,14,1,2,1,6,2,3,1,4,2021-08-26 19:49:14,2021-08-26 19:49:54,1
277,ePzaMrwtzv0U,2,,1,1,38,23,1,2,6,6,2,3,1,4,2021-08-26 19:55:46,2021-08-26 19:57:54,2
284,5b9A8MneYNn4,20,,1,2,37,3,1,2,11,4,2,3,2,5,2021-08-26 20:01:46,2021-08-26 20:02:22,1
286,MX6rWHOTffhs,10,,1,2,57,1,2,2,12,2,2,3,1,4,2021-08-26 20:06:33,2021-08-26 20:07:34,1
289,MfxgL8EdduuT,14,,1,1,33,13,1,2,14,2,2,3,2,6,2021-08-26 20:10:37,2021-08-26 20:11:14,1
291,kmebJIC8RWAd,15,,1,1,46,33,2,1,4,6,2,3,2,4,2021-08-26 20:11:26,2021-08-26 20:12:01,1
294,LsOZsmzNZjd3,10,1,1,2,58,24,3,2,14,6,2,3,1,4,2021-08-26 20:12:40,2021-08-26 20:15:53,3
296,DeyM4lln3416,15,,1,1,40,43,1,2,5,2,2,3,2,1,2021-08-26 20:13:21,2021-08-26 20:14:40,1
297,LLOkZj75MJfg,8,1,1,2,32,11,1,2,11,7,2,3,1,2,2021-08-26 20:13:25,2021-08-26 20:14:08,1
298,9KtJYZCheL47,22,,1,2,50,44,2,1,12,2,2,3,2,4,2021-08-26 20:13:47,2021-08-26 20:14:25,1
303,MN7WeuqISvcZ,19,,1,2,21,42,1,2,11,2,2,3,2,1,2021-08-26 20:15:43,2021-08-26 20:16:27,1
305,JkofdDEtfShU,10,,1,2,55,24,2,2,11,2,2,3,1,1,2021-08-26 20:17:50,2021-08-26 20:18:32,1
308,cbuvi4KH8Pcf,3,,1,1,41,1,1,2,2,6,2,3,1,5,2021-08-26 20:20:03,2021-08-26 20:20:36,1
309,8bUyqCw0QG0y,3,,1,1,46,13,2,1,4,7,2,3,1,4,2021-08-26 20:20:41,2021-08-27 20:52:05,1471
314,ehRl35xsEZYS,3,,1,1,46,11,1,2,1,6,2,3,1,5,2021-08-26 20:22:44,2021-08-26 20:23:19,1
315,5ddy9Vf7z3dv,11,1,1,2,65,1,2,1,12,5,2,3,1,2,2021-08-26 20:23:38,2021-08-26 20:25:35,2
316,IcuTF9yAygL8,8,,1,2,34,11,1,2,1,6,2,3,1,1,2021-08-26 20:24:46,2021-08-26 20:25:20,1
318,ewWixeonDW1N,15,1,1,1,44,4,1,2,11,2,2,3,2,1,2021-08-26 20:25:58,2021-08-26 20:26:48,1
320,fIVfNv7zfjFs,17,1,1,1,65,14,2,1,14,2,2,3,2,1,2021-08-26 20:27:16,2021-08-26 20:28:17,1
321,DUzn5QBUEvCG,20,1,1,2,34,11,2,2,7,5,2,3,2,4,2021-08-26 20:27:19,2021-08-26 20:27:48,0
322,GsqSeB87eml9,5,,1,1,62,5,2,2,2,2,2,3,1,5,2021-08-26 20:27:54,2021-08-26 20:32:26,5
326,6cqLuaRnYhpe,4,,1,1,51,12,1,2,1,4,2,3,1,1,2021-08-26 20:28:37,2021-08-26 20:29:26,1
331,msQ9KXs7T33c,9,1,1,2,40,16,2,1,12,6,2,3,1,4,2021-08-26 20:33:07,2021-08-26 20:34:17,1
336,8aqlHNsFmMNZ,19,,1,2,26,14,1,2,4,6,2,3,2,3,2021-08-26 20:36:52,2021-08-26 20:38:08,1
339,LEP6qLNItql4,13,,1,1,24,34,1,2,1,6,2,3,2,1,2021-08-26 20:40:56,2021-08-26 20:41:34,1
341,fO3GpSgek6nq,18,1,1,1,73,29,2,2,14,6,2,3,2,4,2021-08-26 20:42:30,2021-08-26 20:43:40,1
342,BSLR7aosefFJ,7,,1,2,27,30,1,2,1,6,2,3,1,4,2021-08-26 20:42:36,2021-08-26 20:43:07,1
344,ji4qH8DlOpRx,15,,1,1,43,13,2,1,1,6,2,3,2,4,2021-08-26 20:42:51,2021-08-26 20:43:29,1
345,B9k0XMnLrZ10,13,,1,1,25,27,1,2,13,2,2,3,2,6,2021-08-26 20:42:54,2021-08-26 20:43:46,1
346,isRHm17LVaQv,11,,1,2,63,1,2,2,5,6,2,3,1,2,2021-08-26 20:43:07,2021-08-26 20:43:39,1
357,kCDpuvZmVp7v,21,,1,2,44,24,1,2,1,6,2,3,2,1,2021-08-26 21:02:16,2021-08-26 21:02:54,1
361,luvdwIuRH0to,20,,1,2,31,27,1,2,1,2,2,3,2,4,2021-08-26 21:06:49,2021-08-26 21:07:34,1
364,5ULVbkDePED0,14,,1,1,30,30,1,2,1,7,2,3,2,4,2021-08-26 21:07:58,2021-08-26 21:08:34,1
367,mGVj5zzEESHe,1,,1,1,28,13,1,2,1,6,2,3,1,4,2021-08-26 21:10:30,2021-08-26 21:11:09,1
368,3OIzdiWCZEky,2,,1,1,33,13,1,2,1,6,2,3,1,1,2021-08-26 21:10:32,2021-08-26 21:11:40,1
376,FdaX1rAuskhl,4,,1,1,52,8,3,1,1,2,2,3,1,4,2021-08-26 21:16:48,2021-08-26 21:17:35,1
377,7zYQ6jSs18R2,14,,1,1,31,28,1,2,1,4,2,3,2,5,2021-08-26 21:18:57,2021-08-26 21:19:40,1
379,3JxitHdmZoe9,14,,1,1,31,34,1,2,11,6,2,3,2,4,2021-08-26 21:20:25,2021-08-26 21:20:50,0
382,fmNFQUTi41df,15,,1,1,43,13,1,2,6,6,2,3,2,4,2021-08-26 21:24:08,2021-08-26 21:25:36,1
387,CoKfgD6vjqMt,23,,1,2,62,18,2,2,12,2,2,3,2,2,2021-08-26 21:28:43,2021-08-26 21:49:47,21
389,2qgSYw6KS0r4,19,,1,2,27,33,1,2,11,2,2,3,2,5,2021-08-26 21:31:32,2021-08-26 21:32:38,1
392,avM5UaqzJNZy,2,,1,1,36,38,2,1,1,6,2,3,1,4,2021-08-26 21:37:02,2021-08-26 21:37:53,1
395,gf0s9p6WAssk,15,,1,1,45,26,2,1,15,4,2,3,2,5,2021-08-26 21:38:29,2021-08-26 21:39:12,1
397,abDVFvcBPytm,19,,1,2,22,27,1,2,13,2,2,3,2,1,2021-08-26 21:42:29,2021-08-26 21:47:21,5
400,n4PhkHi5Tv0d,20,,1,2,35,23,1,2,11,2,2,3,2,1,2021-08-26 21:45:01,2021-08-26 21:46:18,1
403,hNOGl6qwLeQ1,15,,1,1,42,23,1,2,11,4,2,3,2,4,2021-08-26 21:51:52,2021-08-26 21:52:31,1
406,J9HmCg81TWOU,22,1,1,2,55,24,2,1,12,6,2,3,2,4,2021-08-26 21:54:15,2021-08-26 21:55:55,2
408,dRpPYzOLQ5sq,9,,1,2,48,14,2,1,11,6,2,3,1,4,2021-08-26 21:56:13,2021-08-26 21:56:52,1
409,am9ZmhP1fVPg,9,,1,2,43,26,2,1,11,6,2,3,1,1,2021-08-26 22:01:27,2021-08-26 22:02:05,1
414,6AUYMNJefM1c,20,,1,2,31,11,1,2,11,2,2,3,2,4,2021-08-26 22:09:40,2021-08-26 22:10:03,0
418,EF1t3tD58iki,19,,1,2,21,11,1,2,13,6,2,3,2,1,2021-08-26 22:14:42,2021-08-26 22:15:23,1
419,Flnd5zv2KCAA,15,1,1,1,48,37,2,1,2,6,2,3,2,1,2021-08-26 22:15:15,2021-08-26 22:16:08,1
421,BEhg09rhdV3R,20,,1,2,35,11,2,1,4,6,2,3,2,5,2021-08-26 22:17:08,2021-08-26 22:17:41,1
422,6AvmPEEeps8t,22,,1,2,52,12,1,2,7,6,2,3,2,5,2021-08-26 22:17:49,2021-08-26 22:18:31,1
427,gSK5Shlw1rV5,13,,1,1,23,23,1,2,1,6,2,3,2,4,2021-08-26 22:27:09,2021-08-26 22:28:02,1
428,6bPlxPPyNOkD,17,,1,1,68,1,3,2,11,2,2,3,2,4,2021-08-26 22:28:06,2021-08-26 22:29:00,1
430,8FXEYFmYM5oK,3,,1,1,46,38,2,1,4,7,2,3,1,4,2021-08-26 22:31:16,2021-08-26 22:31:57,1
432,BI2h4LTI480Q,14,,1,1,32,34,1,2,5,6,2,3,2,1,2021-08-26 22:37:02,2021-08-26 22:37:29,0
433,3G9RC0j02Xj8,14,,1,1,37,11,2,1,1,6,2,3,2,4,2021-08-26 22:38:01,2021-08-26 22:38:37,1
434,5PuYzICNJHiL,9,,1,2,48,40,1,2,1,6,2,3,1,1,2021-08-26 22:39:51,2021-08-26 22:40:40,1
436,b1hjTMVtCcbc,21,,1,2,41,26,1,2,11,6,2,3,2,4,2021-08-26 22:40:39,2021-08-26 22:41:34,1
437,cZPYql8Xf8QL,14,,1,1,35,45,1,2,11,6,2,3,2,4,2021-08-26 22:41:14,2021-08-26 22:41:57,1
442,Jt3PCKQWhgRr,21,,1,2,49,13,2,1,11,7,2,3,2,4,2021-08-26 22:56:19,2021-08-26 22:56:54,1
443,d6G5dXZ4fomH,20,,1,2,32,14,1,2,1,6,2,3,2,4,2021-08-26 22:57:02,2021-08-26 22:57:59,1
444,128hTBTSI1wy,9,1,1,2,42,28,2,1,12,5,2,3,1,4,2021-08-26 22:59:36,2021-08-26 23:02:59,3
447,2BBn7dNwBEvm,15,,1,1,40,13,1,2,3,4,2,3,2,2,2021-08-26 23:05:58,2021-08-26 23:06:37,1
449,12oOI05MUcRn,15,,1,1,41,29,1,2,1,6,2,3,2,4,2021-08-26 23:06:54,2021-08-26 23:10:49,4
455,7Uff2viZVYpZ,9,,1,2,46,14,1,2,14,5,2,3,1,6,2021-08-26 23:26:11,2021-08-26 23:29:26,3
457,LQQWGw9pQqRy,19,,1,2,23,38,1,2,1,6,2,3,2,1,2021-08-26 23:32:24,2021-08-26 23:32:54,1
458,H51ZarwAP1Ly,16,,1,1,56,35,2,1,4,6,2,3,2,4,2021-08-26 23:32:46,2021-08-26 23:33:34,1
460,kbj46CdhWLZ3,21,,1,2,47,27,2,1,11,2,2,3,2,4,2021-08-26 23:35:21,2021-08-26 23:36:55,2
462,23ulRg47CCNK,9,,1,2,46,34,2,1,12,5,2,3,1,1,2021-08-26 23:44:13,2021-08-26 23:45:00,1
463,lvk4LNHLoAfo,1,,1,1,25,25,1,2,1,7,2,3,1,4,2021-08-26 23:47:34,2021-08-26 23:48:11,1
466,dpXcfrq6EplM,20,,1,2,32,33,1,2,14,4,2,3,2,5,2021-08-26 23:50:10,2021-08-26 23:52:05,2
471,fUjkRCvfRPJ0,9,1,1,2,44,14,2,1,7,4,2,3,1,1,2021-08-27 0:09:40,2021-08-27 0:10:41,1
473,jam9kfwaN5MK,1,,1,1,29,13,1,2,1,6,2,3,1,1,2021-08-27 0:21:33,2021-08-27 0:26:54,5
474,k0az1Muja2XR,8,1,1,2,32,29,2,1,12,2,2,3,1,1,2021-08-27 0:24:51,2021-08-27 0:25:28,1
475,mKPgyGpwKV72,9,1,1,2,43,14,1,2,1,6,2,3,1,5,2021-08-27 0:26:33,2021-08-27 0:27:28,1
476,K4Iszdwb1lwA,10,1,1,2,50,40,3,1,14,4,2,3,1,1,2021-08-27 0:40:04,2021-08-27 0:41:00,1
480,eQCZONRjNhkb,23,,1,2,68,35,2,2,12,6,2,3,2,2,2021-08-27 0:51:28,2021-08-27 0:52:13,1
483,jTnSbbOoXbUm,15,,1,1,41,27,1,2,14,4,2,3,2,5,2021-08-27 1:00:15,2021-08-27 1:02:27,2
484,k6mUC2XB78Ue,8,,1,2,39,1,1,2,5,2,2,3,1,5,2021-08-27 1:09:51,2021-08-27 1:10:37,1
487,F5Lvot7vj6pu,2,,1,1,30,12,1,2,1,6,2,3,1,5,2021-08-27 1:50:30,2021-08-27 1:52:13,2
488,FywqunU6IhL7,14,,1,1,35,27,1,2,14,1,2,3,2,5,2021-08-27 1:59:15,2021-08-27 2:00:20,1
490,FK6xj4TTmVKB,20,,1,2,32,9,1,2,1,2,2,3,2,1,2021-08-27 2:13:05,2021-08-27 2:13:49,1
491,LCdOGhrrhCbp,22,,1,2,54,4,2,1,12,4,2,3,2,4,2021-08-27 3:36:56,2021-08-27 3:38:02,1
492,5ux42TnumRMh,15,,1,1,44,12,1,2,1,6,2,3,2,5,2021-08-27 4:09:06,2021-08-27 4:09:35,0
494,6NMQTMp8uB13,13,,1,1,29,1,1,2,1,4,2,3,2,1,2021-08-27 4:36:31,2021-08-27 4:37:47,1
495,ghMGBNuxnFTv,22,1,1,2,52,27,2,1,14,2,2,3,2,1,2021-08-27 4:52:05,2021-08-27 4:53:03,1
496,hm8kekUFrH5y,1,,1,1,29,13,1,2,1,6,2,3,1,5,2021-08-27 4:55:20,2021-08-27 5:03:37,8
497,IQkdvaqNf8vT,10,1,1,2,50,11,2,1,11,4,2,3,1,4,2021-08-27 5:19:42,2021-08-27 5:20:52,1
501,F5SKAF5AN5Du,15,,1,1,45,21,2,1,1,6,2,3,2,4,2021-08-27 5:35:27,2021-08-27 5:36:14,1
508,JBW2B1vsLyqf,3,1,1,1,41,13,1,2,11,6,2,3,1,4,2021-08-27 6:11:38,2021-08-27 6:12:20,1
510,CBB8mOisMesU,16,,1,1,50,1,1,2,5,7,2,3,2,5,2021-08-27 6:16:26,2021-08-27 6:17:02,1
516,EDCGjpDqdWUA,14,,1,1,31,13,1,2,1,6,2,3,2,5,2021-08-27 6:44:09,2021-08-27 6:44:48,1
519,IQvLivuh2rlB,23,1,1,2,67,1,2,1,12,4,2,3,2,4,2021-08-27 6:57:55,2021-08-27 6:58:57,1
526,jOmgdNhkVhkp,18,,1,1,74,27,2,1,14,2,2,3,2,4,2021-08-27 7:17:38,2021-08-27 7:18:50,1
530,c7yy8048m8WV,15,,1,1,48,20,1,2,14,6,2,3,2,4,2021-08-27 7:43:52,2021-08-27 7:44:39,1
531,bUkzGkcvUfwf,14,,1,1,38,41,2,1,6,6,2,3,2,5,2021-08-27 7:44:27,2021-08-27 7:45:05,1
536,2tEAnU2JkvPY,17,1,1,1,68,28,2,1,14,2,2,3,2,4,2021-08-27 7:54:29,2021-08-27 7:56:39,2
540,6Nd5secwPVwW,19,1,1,2,20,1,1,2,14,4,2,3,2,1,2021-08-27 8:16:14,2021-08-27 8:17:01,1
544,5NrEjLiLimM6,1,,1,1,21,26,1,2,13,2,2,3,1,4,2021-08-27 8:29:24,2021-08-27 8:29:58,1
545,mOKfQDwEkDbA,22,,1,2,51,14,2,2,1,6,2,3,2,4,2021-08-27 8:41:06,2021-08-27 8:41:47,1
548,9JzwCi2GvQJH,16,,1,1,54,10,2,1,1,6,2,3,2,4,2021-08-27 8:52:47,2021-08-27 8:53:30,1
554,hpwSBCk7A5WR,19,,1,2,21,13,1,2,13,2,2,3,2,4,2021-08-27 9:03:48,2021-08-27 9:04:48,1
556,h624KFFqymcH,19,,1,2,29,19,1,2,14,6,2,3,2,4,2021-08-27 9:05:14,2021-08-27 9:05:47,1
561,M7G7qDB0o2uM,2,,1,1,31,13,1,2,1,6,2,3,1,4,2021-08-27 9:14:28,2021-08-28 23:35:42,2301
563,aoZpsD1zxNyu,7,,1,2,26,13,1,2,5,6,2,3,1,5,2021-08-27 9:20:03,2021-08-27 9:20:48,1
564,6njuTeRV9icW,15,1,1,1,44,12,2,1,3,6,2,3,2,5,2021-08-27 9:31:20,2021-08-27 9:32:01,1
565,9mdluoIkxrMf,21,,1,2,45,1,2,1,12,4,2,3,2,5,2021-08-27 9:43:30,2021-08-27 9:44:05,1
568,FUGrmskmrkdH,20,,1,2,37,12,1,2,1,5,2,3,2,2,2021-08-27 9:54:16,2021-08-27 9:55:38,1
570,4Cml7rDW1lfL,10,,1,2,50,33,2,2,12,2,2,3,1,4,2021-08-27 9:59:13,2021-08-27 10:00:04,1
574,auWjIxNDvFaN,19,1,1,2,28,1,1,2,11,4,2,3,2,1,2021-08-27 10:28:18,2021-08-27 10:29:02,1
576,lToBvbmw8gyW,21,1,1,2,47,1,1,2,1,4,2,3,2,1,2021-08-27 10:33:24,2021-08-27 10:34:10,1
578,JZBsm9WZOGho,19,,1,2,25,27,1,2,1,6,2,3,2,4,2021-08-27 10:43:52,2021-08-27 10:44:16,0
589,nLDeecGuhZyJ,22,1,,2,51,28,2,1,12,2,2,3,2,2,2021-08-27 11:02:32,2021-08-27 11:03:16,1
590,Qj2EYUD1PIuw,21,1,,2,44,35,1,2,5,6,2,3,2,4,2021-08-27 11:03:05,2021-08-27 11:05:02,2
593,ZnpRxndrz4Uw,14,1,,1,35,13,1,2,11,2,2,3,2,1,2021-08-27 11:06:51,2021-08-27 11:07:25,1
595,TPAbAfZ0zTHw,21,1,,2,40,13,1,2,5,6,2,3,2,5,2021-08-27 11:12:28,2021-08-27 11:12:59,1
597,cqhUgTVurDRo,7,,1,2,25,14,1,2,13,2,2,3,1,1,2021-08-27 11:13:32,2021-08-27 11:14:20,1
601,s8Z8bd2OWUyW,14,1,,1,34,12,1,2,14,1,2,3,2,4,2021-08-27 11:19:18,2021-08-27 11:20:00,1
602,V2xE5t6iINTQ,20,1,,2,35,14,2,1,12,2,2,3,2,1,2021-08-27 11:19:21,2021-08-27 11:20:11,1
605,x2YoNqdyRPje,19,1,,2,21,13,1,2,13,2,2,3,2,1,2021-08-27 11:21:33,2021-08-27 11:23:04,2
613,rU6Db8pruNp3,18,1,,1,71,27,2,2,14,1,2,3,2,1,2021-08-27 11:33:39,2021-08-27 11:34:42,1
618,stqd7ZoCC2ri,16,1,,1,58,37,2,1,6,6,2,3,2,4,2021-08-27 11:43:32,2021-08-27 11:44:11,1
621,X1NiSEemGb3A,9,1,,2,45,8,2,1,6,5,2,3,1,2,2021-08-27 11:48:57,2021-08-27 11:49:58,1
624,pSr36QuKl4Mh,9,1,,2,42,16,2,1,11,6,2,3,1,5,2021-08-27 11:52:20,2021-08-27 11:52:54,1
628,NNETntw0MHW0,13,1,,1,24,38,1,2,1,3,2,3,2,5,2021-08-27 12:00:37,2021-08-27 12:01:38,1
631,Ohx8wclj2ATh,14,1,,1,37,14,2,1,1,7,2,3,2,3,2021-08-27 12:03:55,2021-08-27 12:04:24,0
632,UaegZ6zdqCHn,15,1,,1,42,14,2,1,1,2,2,3,2,1,2021-08-27 12:04:32,2021-08-27 12:05:10,1
633,qSTC6LdOvrVj,15,1,,1,43,27,2,1,1,6,2,3,2,4,2021-08-27 12:11:56,2021-08-27 12:12:25,0
634,g9RxCbKXrUkK,19,,1,2,26,3,1,2,13,2,2,3,2,4,2021-08-27 12:07:16,2021-08-27 12:08:15,1
635,asPxhR2HC2PY,1,1,1,1,26,23,2,2,1,4,2,3,1,1,2021-08-27 12:09:17,2021-08-27 18:34:32,385
637,rzxGKrymDVmX,4,1,,1,57,27,2,1,1,4,2,3,1,4,2021-08-27 12:13:44,2021-08-27 12:14:44,1
640,xmQ8bXNupfGU,3,1,,1,46,12,1,2,1,6,2,3,1,2,2021-08-27 12:15:46,2021-08-27 12:16:33,1
641,rYRLNNhliARb,4,1,,1,51,45,2,2,14,6,2,3,1,4,2021-08-27 12:23:02,2021-08-27 12:23:46,1
644,TSiLAK9ywWPR,16,1,,1,53,4,2,1,6,2,2,3,2,4,2021-08-27 12:29:20,2021-08-28 9:49:11,1280
652,EnU6pba2Vpgj,3,1,1,1,48,27,1,2,14,7,2,3,1,5,2021-08-27 12:46:43,2021-08-27 12:47:21,1
655,n80kO7pxEFx4,16,1,,1,51,13,2,2,2,6,2,3,2,1,2021-08-27 13:03:31,2021-08-27 13:04:50,1
656,zYXpqpg1Djgb,13,1,,1,23,27,1,2,1,6,2,3,2,1,2021-08-27 13:04:21,2021-08-27 13:05:15,1
663,SkV0mmI2TldX,9,1,,2,43,13,1,2,1,6,2,3,1,1,2021-08-27 13:09:36,2021-08-27 13:10:27,1
664,n5wqIsDx4tQx,3,1,,1,49,28,2,1,2,6,2,3,1,1,2021-08-27 13:11:22,2021-08-27 13:12:16,1
669,TS3qUaLStMQi,21,1,,2,43,29,1,2,15,2,2,3,2,1,2021-08-27 13:30:44,2021-08-27 13:31:42,1
673,Vd9FAYh3sEXC,19,1,,2,24,3,1,2,14,5,2,3,2,1,2021-08-27 13:36:49,2021-08-27 13:37:21,1
676,OyVGtso7nLll,18,1,,1,71,11,3,2,14,2,2,3,2,4,2021-08-27 13:41:26,2021-08-27 13:42:39,1
681,xSp0f8HOqjO4,15,1,,1,42,35,1,2,6,2,2,3,2,4,2021-08-27 13:59:35,2021-08-27 14:05:32,6
683,z5t52JBwY56z,23,1,,2,64,17,2,1,11,7,2,3,2,4,2021-08-27 14:03:32,2021-08-27 14:04:12,1
686,UhGJ5vrs8d77,15,1,,1,40,34,2,1,1,2,2,3,2,1,2021-08-27 14:20:19,2021-08-27 14:20:57,1
691,eUQlpJNRRbpj,20,,1,2,33,15,2,2,11,6,2,3,2,4,2021-08-27 14:46:41,2021-08-27 14:47:27,1
695,OMYy3EtfAqfA,8,1,,2,36,12,2,1,11,5,2,3,1,1,2021-08-27 15:07:04,2021-08-27 15:07:39,1
697,3tFg384c1fPp,13,,1,1,20,18,1,2,13,2,2,3,2,4,2021-08-27 15:13:29,2021-08-27 15:14:17,1
699,YYTr3rOjEBAP,20,1,,2,32,29,1,2,11,6,2,3,2,5,2021-08-27 15:17:50,2021-08-27 15:18:28,1
700,RWRSWmn3tOR3,21,1,,2,45,1,2,2,11,6,2,3,2,4,2021-08-27 15:29:37,2021-08-27 15:30:32,1
704,q7izOzMPNzFB,19,1,,2,28,21,2,1,11,6,2,3,2,1,2021-08-27 16:09:01,2021-08-27 16:09:59,1
706,9LWWm9PQnnGc,20,,1,2,38,1,2,1,11,2,2,3,2,5,2021-08-27 16:14:08,2021-08-27 16:14:41,1
710,3iDruSqCq0ma,20,,1,2,33,11,1,2,14,5,2,3,2,4,2021-08-27 16:26:40,2021-08-27 16:27:26,1
711,6bs84OdDTx0j,4,,1,1,50,45,1,2,4,6,2,3,1,4,2021-08-27 16:29:04,2021-08-27 16:29:42,1
715,J4ez7jYpCKNL,13,1,,1,24,27,1,2,15,6,2,3,2,1,2021-08-27 16:58:14,2021-08-27 16:58:47,1
719,ZjuTsWXujfXd,3,1,,1,44,42,2,1,4,2,2,3,1,1,2021-08-27 17:10:21,2021-08-27 17:11:03,1
720,jeM2E4IghJFh,20,,1,2,39,35,3,1,14,2,2,3,2,4,2021-08-27 17:15:40,2021-08-27 17:17:13,2
721,QzJXL049IU3v,22,1,,2,57,13,3,1,11,2,2,3,2,4,2021-08-27 17:19:33,2021-08-27 17:24:15,5
722,AgDOXqaNL9CL,21,,1,2,40,17,2,1,1,2,2,3,2,1,2021-08-27 17:21:02,2021-08-27 17:21:45,1
723,6pvLOYyFFYCP,23,,1,2,64,11,2,1,12,2,2,3,2,4,2021-08-27 17:28:48,2021-08-27 17:29:57,1
727,zrP1X6WWUdr7,16,1,,1,52,27,2,1,2,2,2,3,2,4,2021-08-27 18:01:11,2021-08-27 18:02:38,1
732,iX9oyt2GF3vE,9,,1,2,47,8,1,2,15,4,2,3,1,1,2021-08-27 18:44:09,2021-08-27 18:45:08,1
733,S7ouNpubAfSN,20,1,,2,39,27,2,1,11,6,2,3,2,1,2021-08-27 18:46:14,2021-08-27 18:48:00,2
735,2inQIEqf7Qmg,15,,1,1,46,1,1,2,1,7,2,3,2,5,2021-08-27 19:14:24,2021-08-27 19:14:55,1
736,WES6q0lySfVB,20,1,,2,33,15,2,2,11,2,2,3,2,1,2021-08-27 19:15:28,2021-08-27 19:16:07,1
739,rlrtDYJXIK7R,16,1,,1,57,9,1,2,6,2,2,3,2,4,2021-08-27 20:00:15,2021-08-27 20:01:07,1
740,OBVi4MYZn3LL,3,1,,1,49,14,2,2,6,2,2,3,1,1,2021-08-27 20:05:20,2021-08-27 20:06:27,1
746,v9doyQrxCyRP,9,1,,2,41,14,1,2,1,6,2,3,1,1,2021-08-27 20:45:43,2021-08-27 20:46:29,1
748,yX1yTJbmxwrc,4,1,,1,57,12,2,1,2,6,2,3,1,5,2021-08-27 20:56:46,2021-08-27 20:57:30,1
749,VpXJiF5D4kua,16,1,,1,51,28,2,1,1,6,2,3,2,1,2021-08-27 21:12:38,2021-08-27 21:14:44,2
750,c2L1l0bTIr9C,15,,1,1,44,23,1,2,1,6,2,3,2,1,2021-08-27 21:24:23,2021-08-27 21:25:02,1
751,WqV3oFQNJeJH,22,1,,2,58,14,2,2,11,2,2,3,2,1,2021-08-27 21:26:11,2021-08-27 21:27:49,2
754,HACoAEEIoNSk,17,1,1,1,67,14,2,1,5,6,2,3,2,4,2021-08-27 21:33:37,2021-08-27 21:34:57,1
756,oVyIenEtdov2,21,1,,2,41,37,2,1,1,6,2,3,2,4,2021-08-27 21:50:46,2021-08-27 21:51:12,0
761,vcg7QIpnwLlG,2,1,,1,36,7,1,2,1,2,2,3,1,4,2021-08-27 22:21:24,2021-08-27 22:22:20,1
768,yhUIbp8k1A6s,14,1,,1,36,7,1,2,1,4,2,3,2,1,2021-08-30 17:18:38,2021-08-30 17:19:19,1
770,frXksKumn7Nz,22,1,,2,54,12,1,2,14,5,2,3,2,5,2021-08-28 0:04:18,2021-08-28 0:05:05,1
771,88mN2AEobjDK,13,,1,1,23,22,1,2,11,4,2,3,2,4,2021-08-28 0:45:41,2021-08-28 0:46:28,1
772,R19PHO94MNHL,10,1,,2,52,11,2,1,1,2,2,3,1,1,2021-08-28 0:47:09,2021-08-28 0:48:28,1
775,Y6HgFy2cPf0N,4,1,,1,59,13,3,2,6,6,2,3,1,2,2021-08-28 2:11:12,2021-08-28 2:12:02,1
776,a6DnORqDRiL5,14,,1,1,33,15,1,2,1,7,2,3,2,1,2021-08-28 4:07:12,2021-08-28 4:07:55,1
777,imAGGeuCbRAo,14,,1,1,30,1,1,2,14,6,2,3,2,4,2021-08-28 4:16:30,2021-08-28 4:18:10,2
782,zGUrYdh7ODqK,14,1,,1,32,15,2,1,4,6,2,3,2,5,2021-08-28 7:26:43,2021-08-28 7:27:19,1
785,LynLSzs8N8SB,14,,1,1,38,14,1,2,1,7,2,3,2,4,2021-08-28 7:47:53,2021-08-28 7:48:29,1
786,r1arDp5t8auX,9,1,,2,46,23,2,1,11,6,2,3,1,5,2021-08-28 7:53:13,2021-08-28 7:53:37,0
793,KDnM9Bnf0Xxe,19,,1,2,22,42,2,2,12,2,2,3,2,4,2021-08-28 9:41:44,2021-08-28 9:42:20,1
794,n7OK2loF2wo5,8,1,,2,33,11,2,1,12,6,2,3,1,4,2021-08-28 9:43:19,2021-08-28 9:44:05,1
800,iHWs1HVwRxiH,1,,1,1,22,28,1,2,1,6,2,3,1,1,2021-08-28 10:58:34,2021-08-28 10:59:57,1
802,B5q3JWEXGHw2,13,,1,1,25,14,1,2,1,4,2,3,2,4,2021-08-28 11:05:59,2021-08-28 11:08:46,3
805,1Q1f6z24TdTh,20,1,1,2,36,40,2,1,1,2,2,3,2,1,2021-08-28 11:26:23,2021-08-28 11:27:07,1
808,iVWfmk2pwfuO,22,1,1,2,54,12,1,2,5,5,2,3,2,4,2021-08-28 11:57:07,2021-08-28 11:57:40,1
809,tVXHE6kEbE3w,23,1,,2,67,14,2,1,12,6,2,3,2,2,2021-08-28 12:15:52,2021-08-28 12:16:54,1
810,RVpVRZKZhlHG,14,1,,1,34,23,1,2,5,6,2,3,2,4,2021-08-28 12:23:42,2021-08-28 12:24:26,1
821,4XkC1pmmC3da,21,,1,2,44,13,1,2,1,7,2,3,2,1,2021-08-28 17:30:17,2021-08-28 17:31:30,1
826,ad6yoFFJGivm,16,1,1,1,56,13,2,2,7,6,2,3,2,4,2021-08-28 18:10:28,2021-08-28 18:11:11,1
828,DOXofMCy9qcl,13,,1,1,25,5,1,2,14,2,2,3,2,1,2021-08-28 18:58:36,2021-08-28 18:59:18,1
831,1RWbB731oZ06,2,,1,1,38,20,1,2,4,6,2,3,1,4,2021-08-28 19:43:13,2021-08-28 19:46:40,3
838,Mk9EFytliLWp,21,,1,2,42,42,1,2,1,5,2,3,2,4,2021-08-28 23:29:16,2021-08-28 23:32:06,3
849,kVkQs31P8cgR,15,,1,1,46,14,2,1,1,6,2,3,2,5,2021-08-29 11:20:53,2021-08-29 11:21:23,1
851,AtqCi8aQclUo,20,,1,2,30,27,2,1,12,2,2,3,2,2,2021-08-29 13:27:07,2021-08-29 13:27:37,1
852,Zybkc5bWwgEN,13,1,,1,22,23,1,2,1,6,2,3,2,1,2021-08-29 13:53:48,2021-08-29 13:55:03,1
853,2dPF0ihNu6Ok,12,1,1,2,70,28,2,1,1,5,2,3,1,1,2021-08-29 14:28:40,2021-08-29 14:30:11,2
854,DVWWflcNRhZJ,19,,1,2,24,14,1,2,1,6,2,3,2,4,2021-08-29 14:57:31,2021-08-29 14:59:25,2
859,QcAfqdYZUten,13,1,,1,23,40,1,2,1,6,2,3,2,3,2021-08-29 16:42:13,2021-08-29 16:42:40,0
860,LKL6CTbXjQYV,20,,1,2,34,11,1,2,11,6,2,3,2,4,2021-08-29 18:09:40,2021-08-29 18:10:24,1
862,l8QONb93zXAe,19,,1,2,24,28,1,2,11,1,2,3,2,1,2021-08-29 18:24:20,2021-08-29 18:27:52,4
866,l4PxqhZI86bz,8,,1,2,30,1,1,2,1,6,2,3,1,4,2021-08-29 20:25:38,2021-08-29 20:27:10,2
872,L8WKQizUixPn,19,,1,2,28,13,1,2,5,6,2,3,2,5,2021-08-29 23:21:07,2021-08-29 23:21:44,1
879,3LYuGZmdcKAi,9,1,1,2,48,14,2,1,11,5,2,3,1,1,2021-08-30 6:59:49,2021-08-30 7:01:08,1
882,sswXfC0sxI7Q,8,1,,2,33,21,2,1,11,2,2,3,1,1,2021-08-30 12:38:32,2021-08-30 12:39:38,1
886,asTqdpENW0YG,2,,1,1,33,33,1,2,11,2,2,3,1,4,2021-08-30 18:09:13,2021-08-30 18:09:36,0
896,QkMyMUK0Q6AZ,22,,,2,57,26,1,2,11,2,2,3,2,2,2021-08-27 20:10:47,2021-08-27 20:11:47,1
899,2dCVL0N84EFn,7,,,2,20,1,1,2,13,6,2,3,1,1,2021-08-27 20:12:33,2021-08-27 20:13:12,1
903,aGMHyvDYopAO,24,,,2,71,13,3,2,14,2,2,3,2,4,2021-08-27 20:17:58,2021-08-27 20:19:35,2
905,IuM6jsn61baP,20,,,2,38,14,1,2,1,2,2,3,2,1,2021-08-27 20:21:26,2021-08-27 20:22:03,1
908,eYhqbSuRJt2a,2,,,1,37,15,2,2,4,6,2,3,1,2,2021-08-27 20:24:47,2021-08-27 20:25:54,1
910,IKjPckUZrEtl,3,,,1,47,22,1,2,4,7,2,3,1,4,2021-08-27 20:26:10,2021-08-27 20:27:11,1
912,Nfjh79Xni5Wk,14,,,1,35,14,1,2,1,7,2,3,2,1,2021-08-27 20:28:03,2021-08-27 20:28:57,1
913,BpfsgHBfObeI,15,,,1,46,20,1,2,1,6,2,3,2,5,2021-08-27 20:28:23,2021-08-27 20:29:37,1
914,fVXB2pKcKo4M,14,,,1,39,4,1,2,14,1,2,3,2,4,2021-08-27 20:28:58,2021-08-27 20:29:48,1
920,x9YGlJWYfMTB,16,,,1,59,20,1,2,1,2,2,3,2,1,2021-08-27 20:40:34,2021-08-27 20:41:30,1
927,rS1aFzT4AYLH,23,,,2,65,1,2,1,12,2,2,3,2,5,2021-08-27 20:56:53,2021-08-27 20:57:31,1
931,AMLFSCIRpOfB,13,,,1,27,13,1,2,1,6,2,3,2,4,2021-08-27 21:01:57,2021-08-27 21:19:22,17
933,xquFOH3xTXIF,13,,,1,21,19,1,2,11,8,2,3,2,6,2021-08-27 21:03:28,2021-08-27 21:04:16,1
935,Zq2C67WXsbsN,21,,,2,43,21,3,2,14,6,2,3,2,1,2021-08-27 21:04:32,2021-08-27 21:05:23,1
936,DUre6TrXAj9X,14,,,1,39,1,1,2,1,1,2,3,2,5,2021-08-27 21:04:42,2021-08-27 21:05:31,1
937,gMGvxcnwu18p,24,,,2,71,12,3,1,14,5,2,3,2,4,2021-08-27 21:04:48,2021-08-27 21:05:36,1
938,qunDc33P8DtR,13,,,1,29,13,1,2,14,2,2,3,2,4,2021-08-27 21:05:43,2021-08-27 21:06:50,1
945,td4IUftqyleh,10,,,2,56,28,2,1,11,2,2,3,1,4,2021-08-27 21:12:12,2021-08-27 21:13:05,1
946,HXlbIbGFZXkN,13,,,1,20,19,1,2,13,2,2,3,2,4,2021-08-27 21:12:44,2021-08-27 21:13:19,1
954,iEjbWFZUAM69,14,,,1,36,13,1,2,1,4,2,3,2,1,2021-08-27 21:15:42,2021-08-27 21:16:24,1
957,QTpbY6qBJEWN,13,,,1,29,28,1,2,1,2,2,3,2,1,2021-08-27 21:22:01,2021-08-27 21:22:39,1
961,bKH8V6eOeQPk,20,,,2,39,1,2,1,12,2,2,3,2,5,2021-08-27 21:22:32,2021-08-27 21:23:12,1
963,aRd81hM5oHXp,14,,,1,36,27,2,1,1,6,2,3,2,1,2021-08-27 21:25:25,2021-08-27 21:26:22,1
967,xAy0coUnNOFe,20,,,2,39,11,2,1,12,4,2,3,2,1,2021-08-27 21:32:03,2021-08-27 21:35:30,3
968,F8XxHxlB5NqJ,13,,,1,24,28,1,2,1,6,2,3,2,2,2021-08-27 21:32:06,2021-08-27 21:32:54,1
970,7DJ1g1WbkyzF,14,,,1,38,12,1,2,14,6,2,3,2,4,2021-08-27 21:34:07,2021-08-27 21:34:53,1
972,WlzfLo2LRQKI,20,,,2,31,28,2,1,4,6,2,3,2,1,2021-08-27 21:34:55,2021-08-27 21:35:39,1
974,nkTMNXQLCRKn,19,,,2,26,13,1,2,1,6,2,3,2,2,2021-08-27 21:36:49,2021-08-27 21:37:51,1
975,xb2nfjG8sT1C,13,,,1,29,13,1,2,1,4,2,3,2,1,2021-08-27 21:37:02,2021-08-27 21:38:04,1
977,DX6W4FKKXCJ2,19,,,2,23,13,2,1,12,2,2,3,2,1,2021-08-27 21:40:28,2021-08-27 21:41:14,1
985,LWHydh3xmGyi,16,,,1,50,27,1,2,1,6,2,3,2,5,2021-08-27 21:49:17,2021-08-27 21:49:59,1
988,xdj0ACSOtQaP,20,,,2,38,27,2,2,1,6,2,3,2,2,2021-08-27 21:52:11,2021-08-27 21:53:36,1
989,Ir0v0JoFhWFQ,20,,,2,32,28,1,2,11,2,2,3,2,1,2021-08-27 21:53:01,2021-08-27 21:53:37,1
991,xzVA6wpZVfcz,2,,,1,33,23,1,2,14,6,2,3,1,1,2021-08-27 21:55:38,2021-08-27 21:56:25,1
993,rJJfFIDfaDqG,9,,,2,45,1,2,2,11,2,2,3,1,1,2021-08-27 21:57:45,2021-08-27 21:59:17,2
996,M7rjooKNuVWI,21,,,2,47,42,2,1,12,5,2,3,2,4,2021-08-27 22:02:47,2021-08-27 22:04:22,2
1011,wts0dG6yN9eN,13,,,1,25,13,2,1,9,6,2,3,2,5,2021-08-27 22:17:09,2021-08-27 22:18:09,1
1017,peKvFLSFZMiB,20,,,2,38,22,1,2,14,4,2,3,2,4,2021-08-27 22:22:54,2021-08-27 22:23:27,1
1018,AQcdqvwvUoFU,13,,,1,24,13,1,2,13,7,2,3,2,1,2021-08-27 22:23:15,2021-08-27 22:23:48,1
1020,ebCU5oi0xNeE,19,,,2,27,40,2,1,1,2,2,3,2,2,2021-08-27 22:26:18,2021-08-27 22:27:15,1
1021,TAoVzdzQ6grQ,14,,,1,35,25,1,2,11,2,2,3,2,4,2021-08-27 22:27:31,2021-08-27 22:28:11,1
1022,5mZu8rB21DyO,20,,,2,35,11,2,1,12,6,2,3,2,1,2021-08-27 22:31:48,2021-08-27 22:33:05,1
1024,jm392TOcae2N,13,,,1,27,20,1,2,1,5,2,3,2,4,2021-08-27 22:33:30,2021-08-27 22:34:06,1
1025,B5uKvrqRCDHZ,13,,,1,29,13,1,2,1,6,2,3,2,1,2021-08-27 22:33:49,2021-08-27 23:05:27,32
1027,qIrCEOcgSpM6,16,,,1,50,44,3,1,1,4,2,3,2,1,2021-08-27 22:34:24,2021-08-27 22:37:04,3
1030,mB55mVWpIhBn,4,,,1,56,20,2,1,1,7,2,3,1,4,2021-08-27 22:37:24,2021-08-27 22:38:05,1
1033,3j0ImH8ooHrT,19,,,2,27,33,1,2,1,4,2,3,2,1,2021-08-27 22:41:30,2021-08-27 22:42:47,1
1034,3RpgjJLqN2Yn,9,,,2,47,7,2,1,12,6,2,3,1,4,2021-08-27 22:41:35,2021-08-27 23:23:37,42
1036,TiP1ApogxMUV,20,,,2,38,38,2,1,11,5,2,3,2,1,2021-08-27 22:43:46,2021-08-27 22:44:33,1
1040,eg4YwEmJRJQt,3,,,1,40,12,2,1,2,6,2,3,1,1,2021-08-27 22:49:07,2021-08-27 22:49:50,1
1041,r1kIh1iBwUo2,2,,,1,39,1,1,2,5,4,2,3,1,4,2021-08-27 22:49:16,2021-08-27 22:56:03,7
1043,CwlYQFXc56FG,1,,,1,21,34,1,2,13,6,2,3,1,4,2021-08-27 22:49:46,2021-08-27 22:51:19,2
1044,5pMzZNZSMwjL,16,,,1,56,34,2,1,1,2,2,3,2,4,2021-08-27 22:51:38,2021-08-27 22:52:22,1
1045,YmqhPVG80iEw,13,,,1,25,12,1,2,14,2,2,3,2,4,2021-08-27 22:52:13,2021-08-27 22:55:24,3
1046,xb648tiMw2wc,13,,,1,26,23,1,2,1,6,2,3,2,1,2021-08-27 22:52:29,2021-08-27 22:53:23,1
1048,3cW88QMv8Mte,20,,,2,36,14,2,1,12,4,2,3,2,1,2021-08-27 22:53:22,2021-08-27 22:54:13,1
1052,GVZSHY21JVQb,2,,,1,39,14,1,2,11,6,2,3,1,1,2021-08-27 23:01:51,2021-08-27 23:02:37,1
1053,Xn0RccmReOy9,20,,,2,38,34,1,2,14,5,2,3,2,1,2021-08-27 23:01:59,2021-08-27 23:03:25,1
1058,24tSdIR6B7k5,14,,,1,37,46,2,1,1,2,2,3,2,1,2021-08-27 23:07:03,2021-08-27 23:07:56,1
1060,2JBkFxQG2Yvy,13,,,1,23,35,1,2,1,6,2,3,2,1,2021-08-27 23:07:53,2021-08-27 23:08:35,1
1061,dgVgzbwuM9OA,3,,,1,48,28,2,1,2,6,2,3,1,1,2021-08-27 23:11:09,2021-08-27 23:12:54,2
1064,OiqceeNzQx8T,3,,,1,40,14,1,2,4,6,2,3,1,4,2021-08-27 23:15:58,2021-08-27 23:17:27,1
1070,Td7leZAxYhTH,7,,,2,25,23,1,2,1,6,2,3,1,1,2021-08-27 23:23:35,2021-08-27 23:24:30,1
1078,jaUM0UW5CPZa,2,,,1,34,14,1,2,4,7,2,3,1,2,2021-08-27 23:35:48,2021-08-27 23:37:33,2
1080,s8pAo4jyDF2I,14,,,1,32,28,1,2,11,2,2,3,2,4,2021-08-27 23:37:29,2021-08-27 23:38:00,1
1083,sb4VPtuzgCrP,22,,,2,55,13,2,1,12,5,2,3,2,4,2021-08-27 23:46:35,2021-08-27 23:47:14,1
1084,346Enel831gB,24,,,2,71,13,2,1,12,5,2,3,2,5,2021-08-27 23:46:48,2021-08-27 23:47:50,1
1086,hqVIVypAnhtj,15,,,1,49,22,1,2,6,4,2,3,2,4,2021-08-27 23:56:06,2021-08-27 23:57:41,2
1087,jCpyJoYOHtvl,19,,,2,28,4,1,2,11,2,2,3,2,2,2021-08-27 23:56:12,2021-08-27 23:56:40,0
1090,Q0OuXt9a5mWO,14,,,1,34,14,1,2,11,2,2,3,2,1,2021-08-28 0:03:54,2021-08-28 0:04:43,1
1094,AmyVYPotspuH,13,,,1,23,26,1,2,1,6,2,3,2,1,2021-08-28 0:08:47,2021-08-28 0:09:24,1
1096,a7dkLv5svIFu,16,,,1,54,27,1,2,15,5,2,3,2,5,2021-08-28 0:13:30,2021-08-28 0:14:09,1
1098,bqdWCdkP57ur,7,,,2,28,46,1,2,14,2,2,3,1,1,2021-08-28 0:17:45,2021-08-28 0:18:36,1
1100,ezPWkdOiNInn,6,,,1,72,13,1,2,14,6,2,3,1,1,2021-08-28 0:20:00,2021-08-28 0:21:28,1
1101,aDpFWuJSCJ06,20,,,2,37,28,2,2,5,5,2,3,2,1,2021-08-28 0:20:18,2021-08-28 0:21:03,1
1105,vYamEJgUQJ9t,20,,,2,32,34,2,1,12,6,2,3,2,1,2021-08-28 0:23:56,2021-08-28 0:24:36,1
1106,2xjethWaUu34,22,,,2,59,13,3,1,9,5,2,3,2,1,2021-08-28 0:28:28,2021-08-28 0:29:38,1
1107,zCWf001U8AZu,13,,,1,25,14,1,2,1,5,2,3,2,1,2021-08-28 1:17:28,2021-08-28 1:18:50,1
1108,ZlSa7m2uaz5J,3,,,1,41,13,1,2,6,1,2,3,1,5,2021-08-28 0:30:07,2021-08-28 0:31:23,1
1110,I7haMaJMSMZ0,3,,,1,40,13,1,2,10,7,2,3,1,1,2021-08-28 0:31:39,2021-08-28 0:32:41,1
1113,zrhTOIobep3u,19,,,2,28,28,1,2,5,6,2,3,2,1,2021-08-28 0:33:40,2021-08-28 0:34:28,1
1116,49ulXhihB7nw,15,,,1,45,22,2,1,5,6,2,3,2,4,2021-08-28 0:42:14,2021-08-28 6:08:53,327
1118,rbPRyzaDciFW,13,,,1,26,11,1,2,1,6,2,3,2,1,2021-08-28 0:49:36,2021-08-28 0:50:23,1
1121,VoyscJ2R1W1K,9,,,2,40,21,2,1,15,5,2,3,1,1,2021-08-28 1:14:20,2021-08-28 1:14:54,1
1122,GkuWVsPAmva7,19,,,2,26,1,1,2,14,1,2,3,2,1,2021-08-28 1:15:07,2021-08-28 1:15:59,1
1124,gJezLNbhmQqv,13,,,1,25,14,1,2,1,6,2,3,2,1,2021-08-28 1:33:24,2021-08-28 1:34:00,1
1125,lwu3ucguV80D,2,,,1,33,15,2,1,1,6,2,3,1,1,2021-08-28 1:41:54,2021-08-28 1:42:35,1
1126,j9YfcVxREhaS,17,,,1,63,8,1,2,7,2,2,3,2,5,2021-08-28 1:44:58,2021-08-28 1:46:25,1
1127,YWaZgRCSVzHT,15,,,1,43,34,1,2,15,2,2,3,2,1,2021-08-28 1:52:08,2021-08-28 1:52:58,1
1129,JrxLijv5Y0pS,14,,,1,34,11,2,1,1,6,2,3,2,4,2021-08-28 2:00:45,2021-08-28 2:02:24,2
1130,wFZ1gIITTsol,13,,,1,29,27,1,2,11,2,2,3,2,1,2021-08-28 2:00:55,2021-08-28 2:01:49,1
1131,GuKhm4MuNHhv,14,,,1,35,40,1,2,14,7,2,3,2,1,2021-08-28 2:03:16,2021-08-28 2:03:59,1
1134,MsiC8Vwr1UvX,7,,,2,29,13,2,2,11,4,2,3,1,1,2021-08-28 2:15:43,2021-08-28 2:16:41,1
1135,EOuXI6UE5hVs,3,,,1,44,26,1,2,1,7,2,3,1,4,2021-08-28 2:28:20,2021-08-28 2:32:20,4
1143,DhP06yll0mkt,7,,,2,20,13,1,2,13,2,2,3,1,1,2021-08-28 3:06:09,2021-08-28 3:06:46,1
1148,EmCBeRmabn8T,3,,,1,47,10,3,2,1,2,2,3,1,1,2021-08-28 3:47:56,2021-08-28 3:48:45,1
1151,pELhOAmxz1gY,7,,,2,25,20,2,1,4,4,2,3,1,1,2021-08-28 3:53:03,2021-08-28 3:53:45,1
1152,tu5T5oASD3Jz,1,,,1,26,11,1,2,11,4,2,3,1,1,2021-08-28 4:05:53,2021-08-28 4:06:52,1
1157,QIrsVQPnMls6,24,,,2,70,13,1,2,15,2,2,3,2,1,2021-08-28 4:39:40,2021-08-28 7:01:13,142
1158,5Sq7UTsJ2zp4,21,,,2,41,29,1,2,15,6,2,3,2,1,2021-08-28 4:51:01,2021-08-28 4:51:56,1
1159,wikEwciz5Qet,13,,,1,29,23,2,1,1,2,2,3,2,1,2021-08-28 4:56:01,2021-08-28 4:56:44,1
1163,U7qHgZDa6Bix,15,,,1,48,13,1,2,14,2,2,3,2,5,2021-08-28 5:18:07,2021-08-28 5:19:18,1
1164,XfFr4BCFq9Eo,13,,,1,22,16,1,2,1,2,2,3,2,1,2021-08-28 5:19:18,2021-08-28 5:20:11,1
1168,HdyXiSbgtrI0,2,,,1,38,27,2,1,2,6,2,3,1,4,2021-08-28 5:52:11,2021-08-28 5:53:31,1
1169,HOewqI41nU9L,15,,,1,48,27,1,2,14,2,2,3,2,4,2021-08-28 5:54:56,2021-08-28 5:55:41,1
1170,WhJaGzFW1RdF,15,,,1,47,15,2,2,12,4,2,3,2,4,2021-08-28 5:56:33,2021-08-28 5:57:05,1
1173,8NQYkmGmPh6g,7,,,2,27,9,2,2,9,4,2,3,1,1,2021-08-28 6:05:53,2021-08-28 6:07:09,1
1174,p1zAP4vUPela,17,,,1,60,2,2,1,11,2,2,3,2,4,2021-08-28 6:09:32,2021-08-28 6:10:26,1
1177,TmVGCWudWhSQ,21,,,2,49,23,2,1,12,5,2,3,2,1,2021-08-28 6:17:01,2021-08-28 6:18:08,1
1181,b4UFCuqtw1h9,16,,,1,52,13,3,1,6,4,2,3,2,1,2021-08-28 6:26:39,2021-08-28 6:27:26,1
1183,Z92T0EzHZhIS,24,,,2,72,46,2,1,12,5,2,3,2,4,2021-08-28 6:27:33,2021-08-28 6:29:46,2
1190,jMOSjaPxkIik,4,,,1,54,2,2,1,4,6,2,3,1,5,2021-08-28 6:42:52,2021-08-28 6:43:45,1
1192,z2vYjObykPhP,22,,,2,56,14,2,1,11,2,2,3,2,1,2021-08-28 6:43:19,2021-08-28 6:44:24,1
1193,ZQITGER0liLe,19,,,2,27,9,2,1,11,4,2,3,2,1,2021-08-28 6:44:13,2021-08-28 6:45:33,1
1196,TsqbvqIxztiJ,8,,,2,36,8,2,1,12,6,2,3,1,1,2021-08-28 6:57:20,2021-08-28 6:58:25,1
1208,Uo8VLxyhzvpq,10,,,2,53,12,2,1,12,2,2,3,1,1,2021-08-28 7:16:33,2021-08-28 7:18:48,2
1218,UoVXnURwSowp,3,,,1,48,34,1,2,1,4,2,3,1,4,2021-08-28 7:41:26,2021-08-28 7:42:22,1
1219,r8GiVtCd0wwo,3,,,1,42,14,2,1,1,7,2,3,1,1,2021-08-28 7:45:05,2021-08-28 7:45:47,1
1221,opNvHgvTbrqw,10,,,2,52,13,2,1,11,5,2,3,1,4,2021-08-28 7:46:04,2021-08-28 7:46:58,1
1229,hj29opNpkwwY,21,,,2,45,3,3,2,5,2,2,3,2,4,2021-08-28 7:55:44,2021-08-28 7:56:22,1
1241,s2zPe7imCojp,10,,,2,52,1,2,1,12,6,2,3,1,1,2021-08-28 8:22:03,2021-08-28 8:23:02,1
1243,8aQH6oS6geIb,2,,,1,39,23,1,2,14,6,2,3,1,4,2021-08-28 8:23:19,2021-08-28 8:24:35,1
1247,NZKVNoKTSWP6,19,,,2,28,11,2,1,12,5,2,3,2,1,2021-08-28 8:38:38,2021-08-28 8:39:11,1
1249,ftxVO6oDVkEf,22,,,2,55,13,2,2,12,6,2,3,2,2,2021-08-28 8:41:53,2021-08-28 8:42:40,1
1250,dBK4tNIhyb2U,8,,,2,35,13,1,2,14,2,2,3,1,1,2021-08-28 8:43:47,2021-08-28 8:44:26,1
1254,MtC7BkR2fNdS,3,,,1,48,11,2,1,2,4,2,3,1,5,2021-08-28 8:53:09,2021-08-28 8:53:39,1
1266,FJ8SS5vTBTKt,16,,,1,58,28,2,2,4,6,2,3,2,4,2021-08-28 9:17:29,2021-08-28 9:21:10,4
1267,WoNN8bKS13sY,19,,,2,24,22,2,1,12,2,2,3,2,1,2021-08-28 9:18:33,2021-08-28 9:19:29,1
1269,36YFrc7n3tJx,17,,,1,61,12,1,2,14,4,2,3,2,4,2021-08-28 9:22:21,2021-08-28 9:23:40,1
1270,fv9wQdoEvVkU,23,,,2,61,13,2,2,12,7,2,3,2,5,2021-08-28 9:25:04,2021-08-28 9:25:48,1
1272,GF6XM27plvhP,13,,,1,26,22,1,2,1,6,2,3,2,1,2021-08-28 9:26:11,2021-08-28 9:26:58,1
1274,3I7jfXP8WA9a,19,,,2,26,1,2,1,12,2,2,3,2,1,2021-08-28 9:27:49,2021-08-28 9:28:31,1
1282,62XIHMEMunaa,22,,,2,57,36,2,1,11,2,2,3,2,1,2021-08-28 9:37:56,2021-08-28 9:38:49,1
1286,C5DLIbV958LL,14,,,1,38,40,1,2,1,7,2,3,2,1,2021-08-28 9:45:50,2021-08-28 9:46:37,1
1289,q4kvuA1v5yjR,14,,,1,37,40,1,2,14,1,2,3,2,5,2021-08-28 9:52:43,2021-08-28 9:53:19,1
1296,lDfM71XqFDyg,16,,,1,55,28,2,1,12,6,2,3,2,1,2021-08-28 10:20:58,2021-08-28 10:21:58,1
1298,7mbqmdzISBFH,16,,,1,52,2,2,2,2,4,2,3,2,1,2021-08-28 10:22:45,2021-08-28 10:23:30,1
1307,SmRDh0Ddkf4J,13,,,1,29,37,1,2,4,6,2,3,2,4,2021-08-28 10:30:21,2021-08-28 10:30:44,0
1308,NgtmNFGIsuCO,3,,,1,47,11,2,1,4,1,2,3,1,1,2021-08-28 10:30:57,2021-08-28 10:32:09,1
1312,CTJKDiJblSnU,16,,,1,51,1,3,2,6,4,2,3,2,5,2021-08-28 10:41:26,2021-08-28 10:42:11,1
1315,zcMfEszlj3RP,13,,,1,23,32,2,1,1,2,2,3,2,1,2021-08-28 10:45:42,2021-08-28 10:46:42,1
1317,20Z8YFjODUlG,19,,,2,25,12,1,2,1,6,2,3,2,4,2021-08-28 10:48:33,2021-08-28 10:56:49,8
1319,ytYbnk3lmRxR,23,,,2,63,45,2,2,1,5,2,3,2,4,2021-08-28 10:49:21,2021-08-28 10:50:16,1
1321,i8JouYEMwli0,7,,,2,20,13,1,2,13,6,2,3,1,4,2021-08-28 10:51:00,2021-08-28 10:54:38,4
1323,5YKK6vjjBzow,9,,,2,48,44,2,2,12,5,2,3,1,1,2021-08-28 10:55:57,2021-08-28 11:00:01,4
1325,eCobB3ThV9ms,24,,,2,72,27,3,1,11,5,2,3,2,2,2021-08-28 11:03:56,2021-08-28 11:05:21,1
1326,RSutdNCv4pWO,7,,,2,29,7,2,1,4,6,2,3,1,4,2021-08-28 11:13:23,2021-08-28 11:14:15,1
1331,QCFLrYgxvg5V,14,,,1,39,1,1,2,14,2,2,3,2,1,2021-08-28 11:22:30,2021-08-28 11:24:26,2
1335,f7QWCe1mQ5Ba,15,,,1,44,11,1,2,14,4,2,3,2,1,2021-08-28 11:30:37,2021-08-28 11:32:10,2
1347,xNNNKfUS6xCA,23,,,2,62,14,2,1,12,4,2,3,2,1,2021-08-28 12:35:04,2021-08-28 12:36:13,1
1349,MUYCobliuS70,24,,,2,79,14,2,1,12,2,2,3,2,1,2021-08-28 12:38:02,2021-08-28 12:39:31,1
1354,HsH1eTd76xCk,19,,,2,28,20,1,2,5,5,2,3,2,1,2021-08-28 12:51:41,2021-08-28 12:53:36,2
1357,hqOYde7t1HeQ,16,,,1,57,27,1,2,11,2,2,3,2,5,2021-08-28 13:05:26,2021-08-28 13:06:09,1
1359,rMaexpVzfl4x,13,,,1,29,23,1,2,1,6,2,3,2,5,2021-08-28 13:18:00,2021-08-28 13:18:28,0
1367,PIHF0gqauWAS,7,,,2,28,28,2,1,12,2,2,3,1,1,2021-08-28 13:53:20,2021-08-28 13:54:07,1
1369,b8ibYYLkNqi6,15,,,1,48,13,1,2,1,6,2,3,2,3,2021-08-28 14:12:59,2021-08-28 14:14:13,1
1375,EBafrVxclxPu,23,,,2,63,38,2,2,12,6,2,3,2,4,2021-08-28 14:22:38,2021-08-28 14:23:41,1
1387,5njZGXwyCinL,1,,,1,28,14,1,2,1,6,2,3,1,1,2021-08-28 14:26:41,2021-08-28 14:27:43,1
1389,IDTbNTAnwgGq,23,,,2,67,11,2,1,12,5,2,3,2,5,2021-08-28 14:26:53,2021-08-28 14:29:19,2
1401,z023MLR8zWq1,22,,,2,54,27,2,1,11,4,2,3,2,2,2021-08-28 14:29:06,2021-08-28 14:29:56,1
1403,QGW38HOrY9Oc,18,,,1,76,11,2,1,14,2,2,3,2,4,2021-08-28 14:29:44,2021-08-28 14:31:17,2
1438,RUa6UBvw682c,8,,,2,32,13,1,2,3,6,2,3,1,1,2021-08-28 14:39:30,2021-08-28 14:40:11,1
1445,gtCmW5mYbDMA,23,,,2,69,34,2,1,12,2,2,3,2,2,2021-08-28 14:40:50,2021-08-28 14:44:08,3
1456,YuJd5In0Uu84,24,,,2,72,13,1,2,1,5,2,3,2,4,2021-08-28 14:44:02,2021-08-28 14:45:23,1
1457,I3QhDO8AMudE,10,,,2,54,44,2,1,12,5,2,3,1,1,2021-08-28 14:44:05,2021-08-28 14:45:13,1
1465,W9Fk7KAVTqi0,23,,,2,67,20,2,1,12,4,2,3,2,5,2021-08-28 14:45:57,2021-08-28 14:46:47,1
1470,toCAqU3wKN1p,11,,,2,63,8,2,2,12,2,2,3,1,1,2021-08-28 14:47:08,2021-08-28 14:48:43,2
1471,TMfrPP99MvSn,9,,,2,43,27,2,2,12,2,2,3,1,4,2021-08-28 14:47:14,2021-08-28 14:48:09,1
1476,PThwtf8EpxTl,22,,,2,54,36,2,2,12,6,2,3,2,4,2021-08-28 14:48:24,2021-08-28 14:49:24,1
1479,4WPNBiEwTuFi,22,,,2,59,29,1,2,5,5,2,3,2,4,2021-08-28 14:48:33,2021-08-28 16:19:14,91
1491,Uuiq8XWoTtbi,18,,,1,70,21,2,1,14,6,2,3,2,1,2021-08-28 14:51:16,2021-08-28 14:53:01,2
1493,d7HTarQHnTy6,24,,,2,75,28,1,2,15,6,2,3,2,4,2021-08-28 14:51:38,2021-08-28 14:52:56,1
1495,FmcPKi7QpXMz,11,,,2,62,11,2,1,11,2,2,3,1,5,2021-08-28 14:51:55,2021-08-28 14:52:34,1
1502,6R5MokIUZxNr,1,,,1,26,12,1,2,6,2,2,3,1,5,2021-08-28 14:53:26,2021-08-28 14:53:56,1
1510,iy8U09A6LOGu,10,,,2,57,27,2,1,12,6,2,3,1,4,2021-08-28 14:56:56,2021-08-28 14:58:47,2
1512,CbuTitpSUkZY,5,,,1,60,26,1,2,6,5,2,3,1,5,2021-08-28 14:57:18,2021-08-28 14:58:04,1
1516,9a9uITrJ1gNI,9,,,2,43,1,3,1,1,4,2,3,1,5,2021-08-28 14:58:23,2021-08-28 14:59:10,1
1523,eVPB0ZD58ZKB,23,,,2,62,22,2,2,12,2,2,3,2,4,2021-08-28 14:59:43,2021-08-28 15:00:35,1
1525,U4CJ1Tggajnd,11,,,2,62,44,2,2,12,4,2,3,1,4,2021-08-28 15:00:37,2021-08-28 15:05:05,4
1532,7GobHggaYVIk,11,,,2,61,4,2,1,12,5,2,3,1,5,2021-08-28 15:04:14,2021-08-28 15:04:55,1
1537,3aCRWWakA9fX,22,,,2,54,14,2,1,12,2,2,3,2,4,2021-08-28 15:06:35,2021-08-28 15:07:14,1
1539,wUnYrLVKW5hz,16,,,1,50,9,1,2,8,2,2,3,2,5,2021-08-28 15:07:56,2021-08-28 15:09:31,2
1544,lavWbMh9tfRC,17,,,1,62,11,1,2,5,3,2,3,2,4,2021-08-28 15:08:54,2021-08-28 15:09:45,1
1548,9nKdGg0YKfFT,21,,,2,45,14,2,1,2,6,2,3,2,5,2021-08-28 15:09:43,2021-08-28 15:10:55,1
1551,YvgUao5mFrQb,16,,,1,58,26,2,1,9,7,2,3,2,1,2021-08-28 15:10:34,2021-08-28 15:11:48,1
1554,9ywtqejAorYI,4,,,1,57,28,2,1,4,6,2,3,1,4,2021-08-28 15:11:56,2021-08-28 15:12:43,1
1558,BmwScT4Dt3oS,23,,,2,60,12,2,1,12,6,2,3,2,1,2021-08-28 15:12:20,2021-08-28 15:13:05,1
1564,aTIe06uWhcVv,22,,,2,50,28,2,1,12,5,2,3,2,4,2021-08-28 15:15:16,2021-08-28 15:15:53,1
1566,XZmFTJWKen4P,8,,,2,30,13,2,2,12,6,2,3,1,4,2021-08-28 15:16:52,2021-08-28 15:17:48,1
1569,Clw8NoDdtDSe,18,,,1,70,19,1,2,6,6,2,3,2,1,2021-08-28 15:17:30,2021-08-28 15:19:22,2
1572,Fm5nB8m8YYHH,1,,,1,28,13,1,2,1,6,2,3,1,4,2021-08-28 15:18:08,2021-08-28 15:18:39,1
1574,BOgkXVBZNiox,19,,,2,24,13,1,2,1,6,2,3,2,1,2021-08-28 15:18:53,2021-08-28 15:19:37,1
1575,OJTuBqTBoVJQ,8,,,2,37,33,2,1,11,1,2,3,1,1,2021-08-28 15:19:07,2021-08-28 15:19:39,1
1581,cfYBj9wqmC57,23,,,2,64,14,1,2,5,2,2,3,2,4,2021-08-28 15:22:13,2021-08-28 15:22:49,1
1596,9VoSjDgPDA9M,19,,,2,28,23,1,2,1,6,2,3,2,1,2021-08-28 15:26:44,2021-08-28 15:27:21,1
1603,O8rfYgX2WFHR,4,,,1,59,24,2,1,1,5,2,3,1,1,2021-08-28 15:28:42,2021-08-28 15:29:42,1
1606,vO09m5waCsd1,10,,,2,53,13,1,2,5,4,2,3,1,4,2021-08-28 15:29:31,2021-08-28 15:30:29,1
1608,6S0codGEuLIM,5,,,1,62,43,2,1,14,3,2,3,1,4,2021-08-28 15:30:35,2021-08-28 15:31:21,1
1614,UN8ggIJ6wXMr,8,,,2,35,13,1,2,11,6,2,3,1,1,2021-08-28 15:33:14,2021-08-28 15:33:59,1
1615,vyTOVJ927igK,23,,,2,62,27,1,2,11,2,2,3,2,4,2021-08-28 15:33:20,2021-08-28 15:34:20,1
1618,b9D69g6SmPrc,23,,,2,69,12,3,1,14,6,2,3,2,4,2021-08-28 15:33:33,2021-08-28 15:34:27,1
1634,B7J4tXMk4p0T,2,,,1,31,11,1,2,1,2,2,3,1,5,2021-08-28 15:35:56,2021-08-28 15:36:36,1
1638,C2hluJGikVeQ,16,,,1,58,10,3,2,15,6,2,3,2,5,2021-08-28 15:36:07,2021-08-28 15:36:50,1
1646,xPtIE1I6UTbM,8,,,2,38,32,3,1,5,1,2,3,1,1,2021-08-28 15:38:31,2021-08-28 15:39:17,1
1650,5cLcNlyqC1uW,1,,,1,21,13,1,2,1,3,2,3,1,1,2021-08-28 15:38:56,2021-08-28 15:39:44,1
1655,W9O04Y3vXRXk,23,,,2,67,11,2,1,12,2,2,3,2,5,2021-08-28 15:39:16,2021-08-28 15:39:48,1
1662,Cv996tXV4QqO,23,,,2,60,14,2,2,11,6,2,3,2,4,2021-08-28 15:40:23,2021-08-28 15:41:07,1
1664,8vPcww1oMPfw,17,,,1,62,14,1,2,11,6,2,3,2,4,2021-08-28 15:40:52,2021-08-28 15:41:55,1
1684,MvHRWp8SXgnD,19,,,2,25,13,1,2,5,2,2,3,2,6,2021-08-28 15:43:21,2021-08-28 15:44:53,2
1691,dw9cDOf8mFFA,17,,,1,62,14,2,1,5,6,2,3,2,4,2021-08-28 15:45:17,2021-08-28 15:45:54,1
1695,KPgz4L7y4nGJ,4,,,1,53,14,1,2,5,2,2,3,1,4,2021-08-28 15:46:14,2021-08-28 15:49:35,3
1699,KcGjjZAwPMbk,17,,,1,62,47,2,1,7,6,2,3,2,2,2021-08-28 15:46:46,2021-08-28 15:47:35,1
1716,vQCYDo93Efs4,10,,,2,50,40,2,1,12,5,2,3,1,1,2021-08-28 15:49:14,2021-08-28 15:50:06,1
1722,kaAH8Zii7oWr,6,,,1,71,12,2,1,14,2,2,3,1,5,2021-08-28 15:50:12,2021-08-28 15:50:59,1
1731,8HtzxVj4yRtY,23,,,2,69,12,2,1,12,2,2,3,2,4,2021-08-28 15:51:55,2021-08-28 15:52:32,1
1741,Y99kImzqwIuq,23,,,2,60,45,2,1,12,2,2,3,2,4,2021-08-28 15:53:56,2021-08-28 15:54:39,1
1748,HrQgs1bBweFl,21,,,2,49,13,1,2,10,7,2,3,2,4,2021-08-28 15:54:44,2021-08-28 15:56:39,2
1756,Wn2zhhyBwa8k,3,,,1,47,28,2,1,2,6,2,3,1,1,2021-08-28 15:56:30,2021-08-28 15:57:06,1
1762,sA9aeOrsVpZA,9,,,2,41,28,1,2,14,5,2,3,1,4,2021-08-28 15:57:21,2021-08-28 15:58:12,1
1768,i2PhAMlv1q28,16,,,1,50,35,2,1,1,6,2,3,2,1,2021-08-28 15:58:43,2021-08-28 15:59:36,1
1772,FC14O9sKDVnq,23,,,2,60,26,1,2,14,6,2,3,2,4,2021-08-28 15:59:21,2021-08-28 16:00:38,1
1777,nud5ITGghofB,1,,,1,24,33,1,2,14,2,2,3,1,2,2021-08-28 16:00:19,2021-08-28 16:01:31,1
1781,BEdny1Th9cre,8,,,2,31,14,2,1,12,6,2,3,1,1,2021-08-28 16:00:39,2021-08-28 16:01:17,1
1784,w4ifAllSLPxC,23,,,2,68,38,2,1,12,5,2,3,2,4,2021-08-28 16:01:01,2021-08-28 16:02:11,1
1785,c13GlrN5P71D,24,,,2,78,27,3,1,14,2,2,3,2,4,2021-08-28 16:01:12,2021-08-28 16:02:52,2
1816,49o5jArIhaZj,8,,,2,38,6,1,2,5,6,2,3,1,1,2021-08-28 16:05:07,2021-08-28 16:05:43,1
1823,Eo7LG7FIxe3p,23,,,2,64,1,1,2,14,4,2,3,2,5,2021-08-28 16:06:26,2021-08-28 16:07:03,1
1826,b7oj6PrqrvYk,1,,,1,29,12,1,2,14,2,2,3,1,4,2021-08-28 16:06:42,2021-08-28 16:09:44,3
1830,UN5NYUqm0xDp,18,,,1,73,14,2,1,14,2,2,3,2,4,2021-08-28 16:07:08,2021-08-28 16:08:24,1
1834,hVyBWyQasn4i,7,,,2,24,11,1,2,1,4,2,3,1,1,2021-08-28 16:07:58,2021-08-28 16:09:25,1
1846,3YlgJMeSJ3vQ,24,,,2,71,22,3,1,14,2,2,3,2,5,2021-08-28 16:10:06,2021-08-28 16:10:58,1
1852,J3jNCjcMAYWi,18,,,1,70,12,1,2,14,2,2,3,2,4,2021-08-28 16:10:23,2021-08-28 16:13:53,4
1858,yDNF89ST2OYg,1,,,1,29,13,1,2,15,6,2,3,1,1,2021-08-28 16:11:25,2021-08-28 16:12:19,1
1861,tSk4SAaqudZr,16,,,1,58,23,1,2,2,6,2,3,2,1,2021-08-28 16:11:33,2021-08-28 16:12:13,1
1862,HeJWsvNAW70M,17,,,1,62,26,3,2,11,4,2,3,2,4,2021-08-28 16:11:40,2021-08-28 16:15:48,4
1870,MQOdF6BiLAsv,17,,,1,66,20,1,2,14,1,2,3,2,6,2021-08-28 16:12:32,2021-08-28 16:13:14,1
1875,2iuzJI3aYvz0,5,,,1,63,12,2,2,14,4,2,3,1,1,2021-08-28 16:13:13,2021-08-28 16:14:08,1
1876,P4XzzvQlUfR3,10,,,2,50,14,2,2,12,6,2,3,1,4,2021-08-28 16:13:40,2021-08-28 16:14:38,1
1883,VOFmng55XXvj,24,,,2,70,11,2,1,12,2,2,3,2,4,2021-08-28 16:14:55,2021-08-28 16:15:42,1
1905,9HdOPXs5zzKT,19,,,2,26,23,1,2,11,6,2,3,2,5,2021-08-28 16:17:50,2021-08-28 16:18:16,0
1911,q9wGuC35jzo0,24,,,2,74,22,2,1,12,1,2,3,2,1,2021-08-28 16:19:11,2021-08-28 16:20:16,1
1922,WsjACkFBs74D,17,,,1,65,47,2,1,7,6,2,3,2,4,2021-08-28 16:20:34,2021-08-28 16:22:22,2
1923,FdEaRxRnUS3F,21,,,2,44,15,1,1,11,2,2,3,2,1,2021-08-28 16:20:38,2021-08-28 16:21:12,1
1924,KhYYWYORaerg,17,,,1,69,22,1,2,14,4,2,3,2,4,2021-08-28 16:20:40,2021-08-28 16:21:44,1
1938,sjo2F114fa1Z,8,,,2,33,12,2,2,11,4,2,3,1,4,2021-08-28 16:23:16,2021-08-28 16:24:21,1
1949,ZrgJd3V8mEDq,22,,,2,51,25,2,1,11,2,2,3,2,1,2021-08-28 16:25:15,2021-08-28 16:26:18,1
1961,NlLrDWcvaG3C,17,,,1,64,17,2,1,11,1,2,3,2,4,2021-08-28 16:27:52,2021-08-28 16:28:37,1
1965,zoUj5bu9NGr8,21,,,2,44,11,2,1,1,2,2,3,2,1,2021-08-28 16:28:45,2021-08-28 16:29:48,1
1968,tJOVrQHjQ7fS,4,,,1,56,2,2,1,1,2,2,3,1,1,2021-08-28 16:29:03,2021-08-28 16:30:35,2
1969,IICKSlqlMjJt,1,,,1,27,14,1,2,1,6,2,3,1,1,2021-08-28 16:29:29,2021-08-28 16:30:31,1
1981,aTi4FVYOMCmk,2,,,1,31,13,1,2,1,2,2,3,1,1,2021-08-28 16:31:19,2021-08-28 16:31:47,0
1993,eVFUzCd97yl2,8,,,2,33,25,2,1,12,6,2,3,1,2,2021-08-28 16:32:55,2021-08-28 16:34:16,1
2005,5XxU8mPcnEr3,23,,,2,61,11,2,1,12,2,2,3,2,1,2021-08-28 16:35:18,2021-08-28 16:36:38,1
2009,L0756goSzneq,24,,,2,74,8,2,1,12,2,2,3,2,5,2021-08-28 16:35:25,2021-08-28 16:37:34,2
2011,LlBwrOrp5IGT,24,,,2,73,27,2,1,12,2,2,3,2,5,2021-08-28 16:35:28,2021-08-28 16:36:23,1
2018,YNR32GrnRJkY,1,,,1,28,15,1,2,1,4,2,3,1,1,2021-08-28 16:36:33,2021-08-28 16:37:08,1
2019,dgokudyRim5n,8,,,2,30,35,2,1,1,2,2,3,1,1,2021-08-28 16:36:35,2021-08-28 16:37:08,1
2029,99urHNC5ZXQC,17,,,1,60,40,2,1,1,6,2,3,2,5,2021-08-28 16:38:23,2021-08-28 16:39:03,1
2036,NotQ7xzkfxI5,17,,,1,65,26,2,1,6,2,2,3,2,5,2021-08-28 16:40:15,2021-08-28 16:41:18,1
2041,JyU2Si4obycZ,23,,,2,62,14,2,1,14,6,2,3,2,1,2021-08-28 16:40:57,2021-08-28 16:41:55,1
2045,3hg53D5L4SQH,16,,,1,56,7,1,2,11,2,2,3,2,5,2021-08-28 16:41:27,2021-08-28 16:42:04,1
2046,WXWKI2kQifW0,23,,,2,64,14,2,1,12,6,2,3,2,4,2021-08-28 16:41:30,2021-08-28 16:42:57,1
2054,FqDl35OO0BiL,18,,,1,72,40,2,1,1,6,2,3,2,5,2021-08-28 16:42:00,2021-08-28 16:42:52,1
2059,G6NluFY8O4l0,9,,,2,41,23,2,1,11,6,2,3,1,1,2021-08-28 16:42:46,2021-08-28 16:44:11,1
2063,Fzl4YmYy7SAa,10,,,2,56,27,3,1,11,6,2,3,1,1,2021-08-28 16:43:24,2021-08-28 16:44:27,1
2066,HZya8mSXrk7B,22,,,2,50,11,2,1,12,5,2,3,2,1,2021-08-28 16:44:09,2021-08-28 16:44:53,1
2068,LhzOE6lf6IQ7,11,,,2,60,13,1,2,14,6,2,3,1,4,2021-08-28 16:44:40,2021-08-28 16:45:13,1
2069,3Uu1sBx4xto5,23,,,2,67,4,1,2,14,2,2,3,2,4,2021-08-28 16:44:52,2021-08-28 16:47:13,2
2072,DS1Xy4PM5yvs,19,,,2,21,11,1,2,13,6,2,3,2,1,2021-08-28 16:45:06,2021-08-28 16:45:38,1
2084,9nNFrvCAzECo,23,,,2,63,17,2,1,12,6,2,3,2,2,2021-08-28 16:46:25,2021-08-28 16:47:51,1
2085,DwCD7JN6ZsDc,19,,,2,28,12,2,1,12,2,2,3,2,1,2021-08-28 16:46:32,2021-08-28 16:47:06,1
2087,5sz2DK85HzWI,8,,,2,31,14,1,2,1,6,2,3,1,1,2021-08-28 16:46:58,2021-08-28 16:47:37,1
2091,KTKwiOGqF2Ub,23,,,2,66,13,2,1,12,2,2,3,2,4,2021-08-28 16:47:46,2021-08-28 16:48:29,1
2094,CafL0gTTVjD1,3,,,1,42,14,1,2,1,6,2,3,1,4,2021-08-28 16:47:55,2021-08-28 16:48:39,1
2109,nIcGoi5KzO5L,1,,,1,25,11,2,1,1,6,2,3,1,4,2021-08-28 16:50:43,2021-08-28 16:51:50,1
2115,Ilfxm9fkKgzV,11,,,2,61,28,2,1,11,5,2,3,1,5,2021-08-28 16:51:32,2021-08-28 16:52:12,1
2126,xIcjgqOyTXKC,18,,,1,73,13,2,1,14,6,2,3,2,3,2021-08-28 16:53:06,2021-08-28 16:54:20,1
2136,buXFyy75SgaZ,21,,,2,45,1,1,2,5,2,2,3,2,1,2021-08-28 16:54:20,2021-08-28 16:55:13,1
2140,H7doiuirjMZ4,1,,,1,25,7,1,2,1,6,2,3,1,1,2021-08-28 16:54:54,2021-08-28 16:55:38,1
2148,FDt7MmBcnybI,21,,,2,46,13,2,1,11,2,2,3,2,1,2021-08-28 16:55:49,2021-08-28 16:56:30,1
2154,VpqCZFFDGLx0,4,,,1,52,31,2,1,6,2,2,3,1,1,2021-08-28 16:57:20,2021-08-28 16:58:17,1
2157,MmFDLcCOjMV5,15,,,1,47,23,1,2,1,6,2,3,2,2,2021-08-28 16:57:37,2021-08-28 16:58:19,1
2161,V6sNsQwvZmYn,24,,,2,72,31,2,1,12,6,2,3,2,1,2021-08-28 16:58:40,2021-08-28 16:59:52,1
2162,o5AdOpefD1jm,9,,,2,47,13,2,2,6,6,2,3,1,4,2021-08-28 16:58:22,2021-08-28 16:59:10,1
2172,WIcxLlkfQ3IL,23,,,2,63,23,2,1,11,2,2,3,2,1,2021-08-28 16:59:46,2021-08-28 17:02:25,3
2176,vS2lh0f4XmTl,15,,,1,49,13,2,1,1,4,2,3,2,2,2021-08-28 17:00:02,2021-08-28 17:00:41,1
2188,2uD9Xw2E8jeI,17,,,1,61,13,2,1,14,6,2,3,2,5,2021-08-28 17:01:32,2021-08-28 17:02:18,1
2203,jI3feFck4L9w,23,,,2,67,12,2,1,12,5,2,3,2,4,2021-08-28 17:04:04,2021-08-28 17:08:26,4
2207,NLBn70aj7J0z,23,,,2,62,14,2,2,12,6,2,3,2,5,2021-08-28 17:04:14,2021-08-28 17:04:47,1
2208,2kRHyG5q7biK,23,,,2,66,13,2,1,12,5,2,3,2,4,2021-08-28 17:04:19,2021-08-28 17:06:00,2
2220,UkNuGa5SkDTc,8,,,2,31,21,3,2,1,3,2,3,1,2,2021-08-28 17:05:28,2021-08-28 17:06:43,1
2229,g8QDHx2bLASa,8,,,2,39,13,2,1,12,2,2,3,1,1,2021-08-28 17:06:49,2021-08-28 17:07:20,1
2244,z8bPmhZdWR09,4,,,1,58,15,1,2,15,4,2,3,1,1,2021-08-28 17:08:59,2021-08-28 17:09:51,1
2246,igLf6XmwM8Nw,23,,,2,60,42,2,2,12,2,2,3,2,4,2021-08-28 17:09:03,2021-08-28 17:11:01,2
2255,LZLSRZ3DUt9C,17,,,1,63,3,2,2,5,6,2,3,2,5,2021-08-28 17:10:00,2021-08-28 17:10:53,1
2259,VKKyxm86uwgs,2,,,1,32,46,1,2,1,6,2,3,1,1,2021-08-28 17:10:28,2021-08-28 17:11:39,1
2263,1rUe7dH9YMSP,11,,,2,60,13,3,1,11,6,2,3,1,4,2021-08-28 17:11:52,2021-08-28 17:12:32,1
2278,2sdUmZbtYmGE,3,,,1,49,23,1,2,11,2,2,3,1,1,2021-08-28 17:13:41,2021-08-28 17:14:34,1
2281,PAw8ZOmzK1MU,12,,,2,70,2,2,1,12,4,2,3,1,4,2021-08-28 17:13:52,2021-08-28 17:14:57,1
2289,T8bZzcV4k1R4,17,,,1,61,40,2,1,6,6,2,3,2,5,2021-08-28 17:14:53,2021-08-28 17:15:40,1
2290,FannMyndo5eU,17,,,1,66,22,2,2,14,6,2,3,2,5,2021-08-28 17:14:56,2021-08-28 17:15:54,1
2306,WtuV3IbCn7go,22,,,2,52,37,1,2,1,4,2,3,2,4,2021-08-28 17:16:14,2021-08-28 17:16:50,1
2311,38wxOr6rEYEB,23,,,2,60,27,2,1,11,6,2,3,2,4,2021-08-28 17:16:53,2021-08-28 17:17:44,1
2314,i8eM1jPwXRF0,1,,,1,29,13,1,2,1,6,2,3,1,1,2021-08-28 17:17:42,2021-08-28 17:18:31,1
2315,J6S4tnKmTTHF,24,,,2,71,13,2,1,4,2,2,3,2,4,2021-08-28 17:18:05,2021-08-28 17:18:57,1
2334,NGralqMqjuHr,8,,,2,39,28,1,2,1,6,2,3,1,1,2021-08-28 17:20:46,2021-08-28 19:48:00,147
2338,BxP08d6JoASl,8,,,2,31,27,1,2,14,5,2,3,1,1,2021-08-28 17:21:08,2021-08-28 17:21:48,1
2341,2TZHACX6MsZD,21,,,2,48,27,2,2,12,6,2,3,2,1,2021-08-28 17:22:06,2021-08-28 17:23:01,1
2343,kxJmz7hDWYUE,24,,,2,70,34,3,1,14,4,2,3,2,1,2021-08-28 17:22:18,2021-08-28 17:23:33,1
2352,pjxlAr5Q0KMW,23,,,2,66,27,3,1,11,2,2,3,2,1,2021-08-28 17:24:02,2021-08-28 17:27:50,4
2359,BCyjKiLFKWID,16,,,1,50,2,2,1,4,6,2,3,2,1,2021-08-28 17:24:28,2021-08-28 17:25:28,1
2366,QwB2ki2iYx9E,24,,,2,70,32,2,1,12,5,2,3,2,4,2021-08-28 17:24:43,2021-08-28 17:25:38,1
2372,p7GRGBJt9S4G,8,,,2,39,2,2,1,12,4,2,3,1,1,2021-08-28 17:25:04,2021-08-28 17:26:59,2
2373,eroPtpdy8MTK,17,,,1,64,1,3,2,5,2,2,3,2,5,2021-08-28 17:25:10,2021-08-28 17:26:21,1
2376,I2v5hyUT3vPd,16,,,1,50,4,3,1,1,2,2,3,2,4,2021-08-28 17:25:37,2021-08-28 17:26:33,1
2378,dOxeXuNJEqcv,23,,,2,62,23,3,2,14,5,2,3,2,4,2021-08-28 17:26:09,2021-08-28 17:27:30,1
2379,aq27PmZyoGb7,23,,,2,68,23,2,1,14,2,2,3,2,4,2021-08-28 17:26:09,2021-08-28 17:27:04,1
2380,fWbv9o0uKscB,4,,,1,51,13,2,2,4,6,2,3,1,4,2021-08-28 17:26:19,2021-08-28 17:27:03,1
2381,4Rhbfc0h3aLR,8,,,2,37,11,2,1,12,4,2,3,1,1,2021-08-28 17:26:23,2021-08-28 17:27:11,1
2383,LCcaeOZYTSNB,2,,,1,38,13,2,1,4,7,2,3,1,1,2021-08-28 17:27:12,2021-08-28 17:27:57,1
2385,NbfVFcK1pr1z,7,,,2,26,1,2,2,12,6,2,3,1,1,2021-08-28 17:27:36,2021-08-28 17:28:14,1
2386,vR3HG9skTwx3,8,,,2,38,13,1,2,1,2,2,3,1,1,2021-08-28 17:27:42,2021-08-28 17:28:25,1
2416,XPkwMxtO4yzF,21,,,2,49,14,2,2,12,4,2,3,2,1,2021-08-28 17:33:22,2021-08-28 17:34:19,1
2434,WP7BiJsSOaBf,16,,,1,57,27,1,2,14,6,2,3,2,5,2021-08-28 17:35:38,2021-08-28 17:36:26,1
2439,60v6OZcTRnba,5,,,1,61,27,1,2,14,6,2,3,1,5,2021-08-28 17:36:01,2021-08-28 17:38:52,3
2449,ZT4LiqxJ1i2T,8,,,2,34,13,2,1,12,6,2,3,1,1,2021-08-28 17:36:59,2021-08-28 17:37:43,1
2456,W553tcFa46wk,24,,,2,72,11,3,1,14,6,2,3,2,5,2021-08-28 17:38:29,2021-08-28 17:39:22,1
2470,j1rsRGHi50ns,7,,,2,27,25,2,1,12,6,2,3,1,1,2021-08-28 17:41:00,2021-08-28 17:41:51,1
2473,bonVifqc52ca,24,,,2,70,27,2,1,12,6,2,3,2,4,2021-08-28 17:41:37,2021-08-28 17:42:51,1
2479,e0pIjySqOrkC,9,,,2,42,25,3,1,14,4,2,3,1,1,2021-08-28 17:42:32,2021-08-28 17:43:16,1
2486,EJlTln6KQFLG,18,,,1,71,22,1,2,15,6,2,3,2,5,2021-08-28 17:43:06,2021-08-28 17:44:14,1
2490,9Yq2zr6YsKnZ,24,,,2,71,30,1,2,11,5,2,3,2,5,2021-08-28 17:43:38,2021-08-28 17:47:20,4
2499,qIzcdhAudntt,18,,,1,77,39,2,1,14,6,2,3,2,4,2021-08-28 17:44:36,2021-08-28 17:45:51,1
2500,obzyYculbHHn,8,,,2,35,9,3,1,11,2,2,3,1,1,2021-08-28 17:44:40,2021-08-28 17:46:25,2
2501,6nwWRmmMta2C,18,,,1,73,14,2,1,14,2,2,3,2,1,2021-08-28 17:44:44,2021-08-28 17:45:20,1
2503,tcD7RetY9J46,16,,,1,57,13,2,2,7,2,2,3,2,1,2021-08-28 17:44:55,2021-08-28 17:45:45,1
2506,RdeFUW6vDKPj,1,,,1,29,13,1,2,1,6,2,3,1,1,2021-08-28 17:45:30,2021-08-28 17:47:20,2
2508,bJOIIu8x6Gzo,18,,,1,73,12,3,2,15,2,2,3,2,5,2021-08-28 17:45:40,2021-08-28 17:46:59,1
2521,CsdlYgqz55RD,10,,,2,58,11,2,1,11,3,2,3,1,1,2021-08-28 17:46:47,2021-08-29 4:12:26,626
2527,jaJhNKy1zslE,5,,,1,60,13,2,1,1,2,2,3,1,4,2021-08-28 17:47:37,2021-08-28 17:54:42,7
2568,z0wujmRelrbu,9,,,2,40,13,2,2,1,7,2,3,1,1,2021-08-28 17:53:46,2021-08-28 17:54:32,1
2570,gOVv3prPTU2e,16,,,1,57,9,2,1,10,6,2,3,2,5,2021-08-28 17:53:50,2021-08-28 17:54:46,1
2611,bKCRSci93wsh,21,,,2,44,26,1,2,1,6,2,3,2,4,2021-08-28 17:58:50,2021-08-28 17:59:37,1
2617,XXPhx313YNd4,16,,,1,58,1,1,2,6,4,2,3,2,2,2021-08-28 17:59:49,2021-08-28 18:00:38,1
2621,SHfS0GavKJ5y,4,,,1,52,38,2,1,2,6,2,3,1,5,2021-08-28 18:00:24,2021-08-28 18:01:18,1
2631,dZU7uS8qI61o,16,,,1,50,14,1,2,1,1,2,3,2,6,2021-08-28 18:02:26,2021-08-28 18:03:35,1
2637,ZbiSqNRfovmq,1,,,1,23,27,1,2,14,6,2,3,1,1,2021-08-28 18:02:53,2021-08-28 18:03:29,1
2639,F6IGGfTcZbFm,24,,,2,74,17,3,2,14,8,2,3,2,1,2021-08-28 18:03:28,2021-08-28 18:04:35,1
2641,McVxMyTD6cik,23,,,2,61,34,1,2,14,4,2,3,2,1,2021-08-28 18:03:43,2021-08-28 18:04:29,1
2645,xNOZRMMuikUJ,17,,,1,63,13,1,1,7,6,2,3,2,4,2021-08-28 18:04:05,2021-08-28 18:04:48,1
2646,YmU1CICx8qdy,11,,,2,62,14,2,1,12,6,2,3,1,4,2021-08-28 18:04:05,2021-08-28 18:05:07,1
2651,hxmzzFwqqzOb,23,,,2,62,34,2,1,12,5,2,3,2,1,2021-08-28 18:04:51,2021-08-28 18:05:46,1
2661,uiGMFxhneNYR,23,,,2,63,23,2,1,12,2,2,3,2,2,2021-08-28 18:06:18,2021-08-28 18:07:01,1
2678,X1yBVj8Vc0vC,4,,,1,56,28,2,1,2,2,2,3,1,1,2021-08-28 18:08:07,2021-08-28 18:09:13,1
2695,owKAUxmdxyXY,17,,,1,63,23,2,2,14,6,2,3,2,5,2021-08-28 18:12:02,2021-08-28 18:12:38,1
2703,HvWV97iVUiww,5,,,1,64,14,1,2,14,6,2,3,1,5,2021-08-28 18:12:41,2021-08-28 18:13:18,1
2709,VenhkKm6PigX,23,,,2,60,35,1,2,6,5,2,3,2,4,2021-08-28 18:13:23,2021-08-28 18:14:09,1
2719,fuBxi6JKNdtO,16,,,1,56,10,2,1,6,2,2,3,2,4,2021-08-28 18:14:25,2021-08-28 18:15:29,1
2723,s1i0GLxQDAWS,24,,,2,70,11,2,1,14,6,2,3,2,1,2021-08-28 18:15:10,2021-08-28 18:16:49,2
2732,DBmMjUyliThb,11,,,2,62,1,2,2,11,6,2,3,1,4,2021-08-28 18:16:38,2021-08-28 18:17:44,1
2737,csFj8Iuz3aDk,9,,,2,47,24,3,1,1,6,2,3,1,4,2021-08-28 18:17:16,2021-08-28 18:17:56,1
2744,hJK6Hl5bJspC,17,,,1,67,28,2,1,14,7,2,3,2,4,2021-08-28 18:17:55,2021-08-28 18:18:47,1
2752,AKGkhfeeRgzl,23,,,2,63,27,2,1,12,2,2,3,2,4,2021-08-28 18:19:01,2021-08-28 18:19:43,1
2754,QJYBThNSsd0H,17,,,1,63,27,2,2,2,6,2,3,2,5,2021-08-28 18:19:02,2021-08-28 18:19:46,1
2811,KWFsfGlXdmyD,17,,,1,61,20,2,1,5,2,2,3,2,4,2021-08-28 18:26:35,2021-08-28 18:28:00,1
2812,vJ0A8ThYzNKR,15,,,1,46,28,2,1,1,5,2,3,2,1,2021-08-28 18:26:56,2021-08-28 18:28:10,1
2813,z3rDsYqdQefP,22,,,2,54,22,1,2,5,4,2,3,2,1,2021-08-28 18:27:07,2021-08-28 18:36:06,9
2823,aMVJqWtCjpKK,5,,,1,63,11,2,1,14,4,2,3,1,1,2021-08-28 18:28:57,2021-08-28 18:30:23,1
2827,wRaQGZPjHmCp,24,,,2,73,33,2,1,12,6,2,3,2,4,2021-08-28 18:29:18,2021-08-28 18:31:21,2
2830,6nxk52EFbz6m,17,,,1,62,43,2,1,5,2,2,3,2,4,2021-08-28 18:30:22,2021-08-28 18:31:07,1
2856,nbmE4yiCXrE7,17,,,1,65,11,3,2,6,6,2,3,2,5,2021-08-28 18:32:41,2021-08-28 18:33:31,1
2871,p1Mb7oLGneZ9,18,,,1,71,1,2,1,5,2,2,3,2,5,2021-08-28 18:34:33,2021-08-28 18:35:26,1
2877,pe5uyMD3jvff,18,,,1,71,13,3,1,14,6,2,3,2,1,2021-08-28 18:35:05,2021-08-28 18:36:32,1
2898,yWYlqVUcBddO,22,,,2,58,27,3,1,11,2,2,3,2,1,2021-08-28 18:37:34,2021-08-28 18:38:17,1
2901,m5BAiF92XsTL,17,,,1,61,13,1,2,5,6,2,3,2,1,2021-08-28 18:37:47,2021-08-28 18:39:04,1
2911,H5h30gUdcEfR,4,,,1,59,22,2,2,2,4,2,3,1,2,2021-08-28 18:38:44,2021-08-28 18:39:46,1
2914,76cA3SFUDohP,17,,,1,64,12,2,1,14,6,2,3,2,1,2021-08-28 18:39:25,2021-08-28 18:40:25,1
2920,U7C5wfgUu3Nr,11,,,2,65,11,3,1,14,2,2,3,1,1,2021-08-28 18:40:12,2021-08-28 18:41:16,1
2924,DTIYYydxxXmF,11,,,2,60,22,2,1,12,5,2,3,1,1,2021-08-28 18:40:39,2021-08-28 18:42:06,1
2939,Ntdgnvh9sPTA,24,,,2,71,27,1,2,14,2,2,3,2,4,2021-08-28 18:43:32,2021-08-28 18:45:54,2
2941,oirTnGxULnZd,21,,,2,44,40,2,1,12,3,2,3,2,6,2021-08-28 18:43:35,2021-08-28 18:44:52,1
2957,z9OnVyhrgE37,9,,,2,49,14,1,2,1,6,2,3,1,1,2021-08-28 18:45:14,2021-08-28 18:46:48,2
2969,GNyyylRie84V,15,,,1,44,13,1,2,1,7,2,3,2,1,2021-08-28 18:46:37,2021-08-28 18:49:26,3
2996,mIb6Vxg0O0ky,21,,,2,41,11,2,2,12,2,2,3,2,4,2021-08-28 18:51:03,2021-08-28 18:52:39,2
3013,LkaQ8cExrpcJ,22,,,2,50,11,1,2,14,2,2,3,2,4,2021-08-28 18:52:18,2021-08-28 18:53:56,2
3015,460TKVG5I75Q,8,,,2,30,25,2,2,11,6,2,3,1,1,2021-08-28 18:53:01,2021-08-28 20:28:27,95
3016,n6Pv75hy9ndx,16,,,1,58,14,1,2,2,2,2,3,2,5,2021-08-28 18:53:13,2021-08-28 18:55:36,2
3034,1j3BpjGcJzBS,18,,,1,72,27,2,1,14,1,2,3,2,1,2021-08-28 18:55:58,2021-08-28 18:57:27,1
3047,OKf5QEnS1AuX,1,,,1,22,13,1,2,1,4,2,3,1,5,2021-08-28 18:57:28,2021-08-28 19:10:33,13
3049,iEiYjC0CWZsQ,24,,,2,73,28,2,1,12,2,2,3,2,5,2021-08-28 18:57:36,2021-08-28 18:58:41,1
3055,sOsOVjGbn8x6,8,,,2,39,7,1,2,1,6,2,3,1,1,2021-08-28 18:58:24,2021-08-28 18:59:00,1
3061,SJJGnEzCbP7E,16,,,1,52,28,2,2,1,4,2,3,2,1,2021-08-28 18:59:11,2021-08-28 18:59:51,1
3087,yvpeXguvBjbi,2,,,1,30,20,1,2,1,2,2,3,1,1,2021-08-28 19:02:49,2021-08-28 19:03:53,1
3092,sSYUN5fbQ9lv,8,,,2,38,14,2,2,12,4,2,3,1,1,2021-08-28 19:03:30,2021-08-28 19:04:10,1
3096,Okpa1z82e6ZR,4,,,1,59,1,2,2,3,4,2,3,1,1,2021-08-28 19:03:45,2021-08-28 19:04:57,1
3098,2kNNYSMAAkyn,18,,,1,71,13,2,1,12,4,2,3,2,4,2021-08-28 19:04:19,2021-08-28 19:05:00,1
3103,7Ohkb5bdnrP4,24,,,2,70,20,2,1,12,2,2,3,2,5,2021-08-28 19:05:33,2021-08-28 19:06:19,1
3116,bRtHrL51Evar,8,,,2,31,8,1,2,6,2,2,3,1,1,2021-08-28 19:07:06,2021-08-28 19:08:01,1
3125,PsSspdYDcpQo,4,,,1,51,11,1,2,2,4,2,3,1,4,2021-08-28 19:07:58,2021-08-28 19:08:49,1
3126,jgB8EPyDNsaP,16,,,1,55,12,1,2,1,6,2,3,2,5,2021-08-28 19:08:06,2021-08-28 19:09:25,1
3137,7ngHKnXMS2fb,7,,,2,24,14,1,2,1,6,2,3,1,1,2021-08-28 19:10:43,2021-08-28 19:11:40,1
3140,YN3iE0Wm75yc,2,,,1,38,18,2,2,1,6,2,3,1,1,2021-08-28 19:11:10,2021-08-28 19:12:06,1
3143,a1Ml3ADGHxs3,2,,,1,31,8,2,1,4,7,2,3,1,1,2021-08-28 19:11:24,2021-08-28 19:12:33,1
3144,kWAkzjiWuJYn,24,,,2,71,10,3,1,14,2,2,3,2,4,2021-08-28 19:11:39,2021-08-28 19:12:24,1
3160,fBxQqfSoAdyg,17,,,1,61,1,1,2,15,2,2,3,2,5,2021-08-28 19:13:48,2021-08-28 19:15:01,1
3168,VWDoz4lgKcRS,16,,,1,50,17,1,2,14,2,2,3,2,5,2021-08-28 19:15:06,2021-08-28 19:15:49,1
3172,IwL8kwzM9wjP,10,,,2,50,27,3,1,4,4,2,3,1,1,2021-08-28 19:15:15,2021-08-28 19:16:19,1
3175,npYlZpqtcUMp,1,,,1,29,40,1,2,1,6,2,3,1,1,2021-08-28 19:15:59,2021-08-28 19:16:48,1
3182,qBlGZ88i9XMR,10,,,2,54,27,2,1,11,4,2,3,1,1,2021-08-28 19:17:47,2021-08-28 19:18:42,1
3201,Wl44oYzmQO96,1,,,1,25,24,1,2,1,7,2,3,1,1,2021-08-28 19:20:16,2021-08-28 19:23:00,3
3212,YKc0LXIuZo6c,18,,,1,73,13,2,2,14,6,2,3,2,4,2021-08-28 19:22:18,2021-08-28 19:23:31,1
3255,xSeIFU7MvNs3,8,,,2,34,12,2,1,12,6,2,3,1,1,2021-08-28 19:27:44,2021-08-28 19:28:22,1
3266,Z5eKVwKr5aeq,17,,,1,64,41,2,1,11,2,2,3,2,1,2021-08-28 19:28:37,2021-08-28 19:30:32,2
3275,2Z8qaq9l1qiw,24,,,2,73,1,2,1,12,5,2,3,2,5,2021-08-28 19:30:08,2021-08-28 19:31:26,1
3277,YtUycBLaqgn4,1,,,1,29,8,1,2,7,2,2,3,1,4,2021-08-28 19:30:19,2021-08-28 19:32:39,2
3282,vPuQaDIQpAAM,4,,,1,54,31,2,1,1,6,2,3,1,4,2021-08-28 19:30:56,2021-08-28 19:31:47,1
3283,Wv3SQBK7WzR2,22,,,2,57,23,2,1,11,2,2,3,2,1,2021-08-28 19:30:58,2021-08-28 19:31:49,1
3284,b43Jc8pczr4T,7,,,2,20,12,1,2,13,2,2,3,1,1,2021-08-28 19:31:19,2021-08-28 19:32:15,1
3287,FRB0mq0AmHR7,1,,,1,25,30,1,2,14,6,2,3,1,1,2021-08-28 19:31:53,2021-08-28 19:32:25,1
3306,2OK5F1UgQWJe,22,,,2,58,26,2,1,11,5,2,3,2,4,2021-08-28 19:35:00,2021-08-28 19:35:54,1
3315,v8ZRa8gDVdgh,15,,,1,45,15,2,1,15,2,2,3,2,1,2021-08-28 19:35:27,2021-08-28 19:36:11,1
3327,2gGnBK53eL7k,16,,,1,50,1,1,2,1,4,2,3,2,5,2021-08-28 19:37:16,2021-08-28 19:38:10,1
3335,xXSygiGjQ62o,17,,,1,61,28,1,2,3,6,2,3,2,4,2021-08-28 19:37:39,2021-08-28 19:38:38,1
3338,5i95xDW0GMMf,16,,,1,57,27,1,2,1,4,2,3,2,5,2021-08-28 19:37:54,2021-08-28 19:38:36,1
3354,e9tevLgiDp3b,16,,,1,56,27,2,1,2,6,2,3,2,4,2021-08-28 19:39:59,2021-08-28 19:40:46,1
3355,qqo4pDeJsdmO,21,,,2,43,26,1,2,14,5,2,3,2,1,2021-08-28 19:40:16,2021-08-28 19:40:48,1
3356,hW4S7bnlCYmz,11,,,2,61,37,1,2,1,5,2,3,1,1,2021-08-28 19:40:29,2021-08-28 19:41:26,1
3373,TEm1oYA0sZLS,5,,,1,67,1,1,2,8,2,2,3,1,4,2021-08-28 19:42:18,2021-08-28 19:43:15,1
3378,oCY7QcAI2Phm,18,,,1,75,12,3,1,14,2,2,3,2,4,2021-08-28 19:43:27,2021-08-28 19:44:23,1
3392,nM8qIJjFk6Az,5,,,1,63,27,2,1,14,6,2,3,1,4,2021-08-28 19:44:36,2021-08-28 19:45:36,1
3397,egPPA8zqb0X1,11,,,2,60,12,3,1,1,7,2,3,1,4,2021-08-28 19:44:58,2021-08-28 19:46:12,1
3402,T4DYFrfQs3es,5,,,1,63,14,2,1,6,6,2,3,1,4,2021-08-28 19:46:02,2021-08-28 19:46:59,1
3410,kN2XHCYZ58NE,4,,,1,51,40,1,2,1,6,2,3,1,1,2021-08-28 19:46:55,2021-08-28 19:48:13,1
3413,G2mPRtddXaev,11,,,2,61,9,2,1,12,2,2,3,1,1,2021-08-28 19:47:03,2021-08-28 19:48:01,1
3419,S2gJqPgDuyRM,24,,,2,70,34,2,1,12,4,2,3,2,4,2021-08-28 19:48:08,2021-08-28 19:49:11,1
3430,TgnorbFC8Tbe,24,,,2,73,40,2,1,12,5,2,3,2,4,2021-08-28 19:49:35,2021-08-28 19:50:28,1
3440,li5bcmwoeD4f,24,,,2,72,13,3,2,14,5,2,3,2,1,2021-08-28 19:50:59,2021-08-28 19:52:58,2
3459,NvB3z9tPhCot,8,,,2,31,23,2,1,1,2,2,3,1,1,2021-08-28 19:53:06,2021-08-28 19:53:54,1
3468,vh0JqzHOqGnw,17,,,1,63,12,1,2,14,7,2,3,2,4,2021-08-28 19:54:19,2021-08-28 19:55:50,2
3470,YcXxEsar9186,24,,,2,74,1,2,1,12,2,2,3,2,4,2021-08-28 19:54:39,2021-08-28 19:55:21,1
3481,71IDMOvAdWoY,4,,,1,51,22,2,1,1,7,2,3,1,1,2021-08-28 19:56:31,2021-08-28 19:57:26,1
3483,uY4mEhYNxvJF,11,,,2,60,23,3,2,14,4,2,3,1,1,2021-08-28 19:56:48,2021-08-28 19:57:49,1
3485,BNyQMYeZr2wO,10,,,2,57,12,2,1,12,6,2,3,1,4,2021-08-28 19:57:14,2021-08-28 19:58:30,1
3488,474TKpuAKViS,24,,,2,77,43,2,1,12,2,2,3,2,4,2021-08-28 19:57:27,2021-08-28 19:58:49,1
3491,GpPEcBixYB6C,7,,,2,29,40,2,1,7,6,2,3,1,1,2021-08-28 19:58:15,2021-08-28 19:59:02,1
3518,XhZYQmCgyaPe,1,,,1,28,7,2,1,1,6,2,3,1,1,2021-08-28 20:01:44,2021-08-28 20:02:34,1
3526,o1j6Eqcgcj7D,9,,,2,42,1,1,2,5,6,2,3,1,4,2021-08-28 20:02:54,2021-08-28 20:03:41,1
3538,cTcp44qvSP5x,2,,,1,30,13,1,2,1,6,2,3,1,1,2021-08-28 20:03:33,2021-08-28 20:04:19,1
3542,sWCAl25OiH8z,24,,,2,78,13,2,1,14,2,2,3,2,2,2021-08-28 20:03:39,2021-08-28 20:05:44,2
3548,AJZnFNwvGR81,11,,,2,61,12,3,1,14,2,2,3,1,4,2021-08-28 20:03:54,2021-08-28 20:04:34,1
3552,fjXyskppIE7N,18,,,1,76,13,2,2,14,2,2,3,2,4,2021-08-28 20:04:07,2021-08-28 20:06:03,2
3554,BzUfogf0hckC,17,,,1,61,14,1,2,14,2,2,3,2,1,2021-08-28 20:04:16,2021-08-28 20:05:38,1
3568,U1qUGBjlEANe,17,,,1,62,13,2,1,3,6,2,3,2,5,2021-08-28 20:05:40,2021-08-28 20:06:23,1
3577,4LGvKdUoGInX,21,,,2,42,23,1,2,14,1,2,3,2,1,2021-08-28 20:06:53,2021-08-28 20:09:01,2
3591,i8i7iDXb5s7C,3,,,1,42,14,1,2,1,2,2,3,1,5,2021-08-28 20:07:47,2021-08-28 20:08:16,0
3595,Rn8lZQdSyHMd,16,,,1,51,27,1,2,6,6,2,3,2,1,2021-08-28 20:07:58,2021-08-28 20:08:53,1
3596,FM3YScLHkT0L,24,,,2,74,11,2,2,14,7,2,3,2,5,2021-08-28 20:08:06,2021-08-28 20:09:14,1
3597,yEUNUOJwErYS,16,,,1,51,13,1,2,14,2,2,3,2,1,2021-08-28 20:08:07,2021-08-28 20:09:37,2
3602,EhcCTZR5BwLu,8,,,2,34,34,2,1,12,6,2,3,1,1,2021-08-28 20:08:28,2021-08-28 20:09:08,1
3605,pH45SvJVm5lB,8,,,2,32,42,2,1,12,6,2,3,1,1,2021-08-28 20:09:04,2021-08-28 20:09:57,1
3608,52XsDlYjarrr,4,,,1,54,23,2,1,1,6,2,3,1,4,2021-08-28 20:09:22,2021-08-28 20:10:10,1
3627,DvGJSLtUg3KC,16,,,1,59,7,1,2,5,2,2,3,2,4,2021-08-28 20:10:50,2021-08-28 20:12:42,2
3631,oJefYF7dCyA2,18,,,1,71,13,2,1,14,6,2,3,2,4,2021-08-28 20:11:08,2021-08-28 20:12:01,1
3632,Dy9Kv9PWLumE,8,,,2,35,34,2,1,1,4,2,3,1,1,2021-08-28 20:11:19,2021-08-28 20:12:55,2
3645,ADZBPxo0dekt,22,,,2,52,26,1,2,1,6,2,3,2,5,2021-08-28 20:12:55,2021-08-28 20:13:28,1
3675,87efapwRhqzX,3,,,1,40,15,2,1,1,4,2,3,1,1,2021-08-28 20:15:18,2021-08-28 20:16:19,1
3679,RIUQaiIl7C7E,24,,,2,71,26,2,1,12,5,2,3,2,4,2021-08-28 20:15:40,2021-08-28 20:17:47,2
3680,RRlTP1MIyVXI,18,,,1,70,23,2,2,15,6,2,3,2,5,2021-08-28 20:15:51,2021-08-28 20:16:46,1
3681,TgvhiUY2UX9D,18,,,1,73,25,3,1,6,6,2,3,2,4,2021-08-28 20:16:08,2021-08-28 20:16:54,1
3683,atBqNx0G2ThD,18,,,1,71,14,1,2,14,6,2,3,2,4,2021-08-28 20:16:12,2021-08-28 20:17:44,2
3698,o60yqskqKQUT,8,,,2,36,14,2,1,4,6,2,3,1,4,2021-08-28 20:17:54,2021-08-28 20:18:26,1
3704,lV9kw1mAJa58,24,,,2,70,1,2,1,14,2,2,3,2,1,2021-08-28 20:18:43,2021-08-28 20:20:05,1
3706,qDDhd9YW5Cr6,8,,,2,36,23,1,2,9,6,2,3,1,1,2021-08-28 20:18:48,2021-08-28 20:19:40,1
3713,doWlMxGyRMOM,12,,,2,70,12,2,1,12,6,2,3,1,1,2021-08-28 20:19:16,2021-08-28 20:20:27,1
3730,4yggSeKYJA4Y,16,,,1,50,14,1,2,2,7,2,3,2,5,2021-08-28 20:20:50,2021-08-28 20:21:40,1
3736,mLpdbeXP8Clu,1,,,1,26,12,1,2,1,6,2,3,1,4,2021-08-28 20:22:05,2021-08-28 20:22:45,1
3738,OAtFqKsmZUg9,16,,,1,51,42,1,2,14,4,2,3,2,1,2021-08-28 20:22:11,2021-08-28 20:23:29,1
3751,JAnh3KJ0fSWA,21,,,2,47,13,2,2,12,2,2,3,2,4,2021-08-28 20:23:43,2021-08-28 20:25:50,2
3764,9wyZV50dyY46,22,,,2,52,13,3,2,15,5,2,3,2,2,2021-08-28 20:25:14,2021-08-28 20:27:07,2
3765,BRCN85SldfkZ,18,,,1,71,26,2,1,14,6,2,3,2,5,2021-08-28 20:25:15,2021-08-28 20:26:04,1
3785,iTcNjKPy8bnS,4,,,1,53,30,2,1,2,2,2,3,1,1,2021-08-28 20:27:48,2021-08-28 20:28:51,1
3793,XlUySSYNxlFw,4,,,1,50,46,2,1,1,6,2,3,1,5,2021-08-28 20:29:03,2021-08-28 20:29:42,1
3808,XaYYmjaixacI,22,,,2,56,27,1,2,14,4,2,3,2,1,2021-08-28 20:30:23,2021-08-28 20:31:18,1
3810,UmT9JhtKjBgO,8,,,2,38,27,1,2,1,4,2,3,1,1,2021-08-28 20:30:26,2021-08-28 20:31:55,1
3830,AdPV1jwxMArS,3,,,1,47,32,2,1,1,3,2,3,1,1,2021-08-28 20:32:25,2021-08-28 20:33:06,1
3832,xsqqYHZMdSaQ,17,,,1,67,13,2,1,2,6,2,3,2,1,2021-08-28 20:32:40,2021-08-28 20:36:02,3
3834,cwbQpzJJ4qVQ,8,,,2,32,20,2,2,12,6,2,3,1,1,2021-08-28 20:32:51,2021-08-28 20:33:35,1
3836,R6XZJN3JG0UU,12,,,2,72,40,1,2,14,2,2,3,1,4,2021-08-28 20:33:00,2021-08-28 20:34:23,1
3844,M4VGE9ArIGHE,17,,,1,60,28,2,1,1,6,2,3,2,5,2021-08-28 20:33:48,2021-08-28 20:35:32,2
3857,2iyiEwK3e62I,9,,,2,47,14,2,1,12,4,2,3,1,1,2021-08-28 20:35:50,2021-08-28 20:36:44,1
3877,Ru3aur61ZXPr,15,,,1,46,17,1,2,1,6,2,3,2,5,2021-08-28 20:38:02,2021-08-28 20:38:46,1
3893,QnU2bgxmUE9C,9,,,2,46,24,2,1,6,2,2,3,1,1,2021-08-28 20:39:58,2021-08-28 20:40:48,1
3899,JAnIt4KztDIO,7,,,2,26,12,1,2,1,4,2,3,1,1,2021-08-28 20:40:00,2021-08-28 20:40:44,1
3904,WcLatscJOw6y,17,,,1,62,24,2,1,1,2,2,3,2,4,2021-08-28 20:41:19,2021-08-28 20:42:05,1
3922,WWFlQSKpLvRb,22,,,2,52,23,2,2,2,5,2,3,2,1,2021-08-28 20:43:42,2021-08-28 20:44:34,1
3935,qLoBFFPgJZrz,18,,,1,70,14,1,2,14,7,2,3,2,5,2021-08-28 20:45:29,2021-08-28 20:46:36,1
3960,UwJkckjaf3hn,1,,,1,25,11,2,2,1,6,2,3,1,1,2021-08-28 20:48:02,2021-08-28 20:50:21,2
3961,j5lxlavM1LF6,4,,,1,50,29,2,1,1,6,2,3,1,1,2021-08-28 20:48:07,2021-08-28 20:58:03,10
3967,892xNBWDP9g1,1,,,1,26,11,1,2,1,6,2,3,1,1,2021-08-28 20:48:42,2021-08-28 20:49:27,1
3974,nG0IAc5M4HfA,22,,,2,58,13,1,2,3,6,2,3,2,1,2021-08-28 20:49:54,2021-08-28 21:07:15,17
3997,fhEa4cQyZrVX,22,,,2,54,27,2,2,12,6,2,3,2,4,2021-08-28 20:53:36,2021-08-28 20:54:28,1
4027,4eP7UvBohj5A,18,,,1,72,28,2,1,10,2,2,3,2,5,2021-08-28 20:56:55,2021-08-28 20:57:49,1
4047,bqUGO3ETvH78,1,,,1,29,21,1,2,1,6,2,3,1,1,2021-08-28 20:59:25,2021-08-28 21:00:05,1
4056,b3mIffvcm7Sn,24,,,2,71,13,2,1,12,4,2,3,2,5,2021-08-28 20:59:55,2021-08-28 21:01:16,1
4062,c8nmt7RtiBwj,1,,,1,25,45,1,2,11,2,2,3,1,1,2021-08-28 21:00:56,2021-08-28 21:02:45,2
4066,KQzs3wTHoR78,24,,,2,71,27,2,1,15,2,2,3,2,1,2021-08-28 21:01:29,2021-08-28 21:02:28,1
4074,L7Zt7uXgfGKD,22,,,2,51,28,2,1,1,5,2,3,2,4,2021-08-28 21:02:40,2021-08-28 21:03:35,1
4075,bNTzdQgex2sd,5,,,1,60,27,3,1,1,7,2,3,1,1,2021-08-28 21:02:41,2021-08-28 21:04:51,2
4080,ZDU2wwnZd25c,5,,,1,61,12,1,2,14,6,2,3,1,1,2021-08-28 21:03:19,2021-08-28 21:04:39,1
4093,YL1vblvkwntP,18,,,1,76,23,3,2,14,1,2,3,2,1,2021-08-28 21:05:06,2021-08-28 21:08:27,3
4101,l9SRxyHJ51JB,11,,,2,60,1,2,1,12,5,2,3,1,1,2021-08-28 21:06:06,2021-08-28 21:08:03,2
4115,hwMFNNgczGlt,3,,,1,42,28,2,1,1,6,2,3,1,1,2021-08-28 21:07:51,2021-08-28 21:08:32,1
4129,G9pYVWWjhonn,4,,,1,58,19,2,1,5,6,2,3,1,2,2021-08-28 21:09:25,2021-08-28 21:10:40,1
4136,qLjH8bBzloIs,3,,,1,42,2,1,1,1,4,2,3,1,4,2021-08-28 21:10:17,2021-08-28 21:10:50,1
4151,1Fv33Rg3pkx2,1,,,1,26,12,1,2,1,6,2,3,1,4,2021-08-28 21:11:56,2021-08-28 21:12:22,0
4152,8oU2fOBjdMo0,22,,,2,51,13,2,2,9,6,2,3,2,1,2021-08-28 21:12:16,2021-08-28 21:12:56,1
4164,gOE6uZcHcPWv,18,,,1,73,34,3,2,14,2,2,3,2,1,2021-08-28 21:14:24,2021-08-28 21:17:01,3
4175,UvOx81pl3gy2,10,,,2,51,23,2,1,11,2,2,3,1,4,2021-08-28 21:15:38,2021-08-28 21:19:46,4
4178,DEPXQqn5piGm,21,,,2,46,21,1,2,10,6,2,3,2,4,2021-08-28 21:15:49,2021-08-28 21:17:42,2
4181,9u5li8IrAC9q,24,,,2,74,27,2,2,12,2,2,3,2,4,2021-08-28 21:15:58,2021-08-28 21:17:25,1
4183,8I7VIfl0ML93,1,,,1,28,23,1,2,1,1,2,3,1,1,2021-08-28 21:16:11,2021-08-28 21:17:20,1
4184,pWXzUsCHowy5,24,,,2,73,13,1,1,14,6,2,3,2,5,2021-08-28 21:16:16,2021-08-28 21:17:05,1
4213,TXqi9lyPgWm8,24,,,2,78,16,3,1,14,1,2,3,2,4,2021-08-28 21:19:38,2021-08-28 21:20:52,1
4237,e8NmgM27l6Xq,2,,,1,37,7,3,2,1,6,2,3,1,1,2021-08-28 21:23:10,2021-08-28 21:23:49,1
4239,NaQAUykW25oI,24,,,2,77,23,2,1,2,6,2,3,2,5,2021-08-28 21:23:30,2021-08-28 21:25:55,2
4258,yXWix7U6bL3c,1,,,1,28,26,1,2,1,6,2,3,1,1,2021-08-28 21:26:44,2021-08-28 21:28:13,1
4277,YjgNCmYJoIwn,1,,,1,29,13,1,2,11,4,2,3,1,1,2021-08-28 21:30:03,2021-08-28 21:49:55,20
4279,ITf3BfAtH8UI,10,,,2,54,31,3,1,1,2,2,3,1,1,2021-08-28 21:30:53,2021-08-28 21:32:20,1
4287,4d7Aw10mO4gS,1,,,1,26,2,1,2,14,7,2,3,1,4,2021-08-28 21:32:48,2021-08-28 21:33:37,1
4293,iQk8DEaIU1Bg,24,,,2,70,34,2,1,12,6,2,3,2,4,2021-08-28 21:33:14,2021-08-28 21:34:23,1
4300,ION8pA1bbJIE,21,,,2,43,13,2,1,12,5,2,3,2,1,2021-08-28 21:34:18,2021-08-28 21:35:04,1
4303,WxJSCq4Ftm5A,1,,,1,29,4,1,2,4,6,2,3,1,1,2021-08-28 21:35:39,2021-08-28 21:37:58,2
4316,zRDg5gXHKEqJ,2,,,1,34,40,1,2,1,6,2,3,1,4,2021-08-28 21:36:59,2021-08-28 21:37:44,1
4322,MDcQ0uHUZdps,11,,,2,69,22,3,1,14,2,2,3,1,4,2021-08-28 21:38:05,2021-08-28 21:39:29,1
4345,RE1FpPnTfSyK,22,,,2,58,33,2,2,12,2,2,3,2,4,2021-08-28 21:43:13,2021-08-28 21:44:04,1
4351,o5wC8DlTpyAf,2,,,1,36,4,1,2,1,6,2,3,1,1,2021-08-28 21:44:25,2021-08-28 21:45:34,1
4381,42FB4PPteC19,18,,,1,78,33,2,1,14,6,2,3,2,5,2021-08-28 21:49:31,2021-08-28 21:50:03,1
4390,EJYSWwmFKZ8y,10,,,2,59,13,2,2,12,5,2,3,1,2,2021-08-28 21:51:33,2021-08-28 21:52:28,1
4453,FtAaAZN4dH1G,18,,,1,71,40,2,1,14,2,2,3,2,4,2021-08-28 22:00:36,2021-08-28 22:03:06,3
4469,d40t4OowedKU,18,,,1,70,22,2,1,14,2,2,3,2,1,2021-08-28 22:04:44,2021-08-28 22:06:46,2
4485,ibRdGPlZZI8z,11,,,2,62,14,1,2,7,6,2,3,1,5,2021-08-28 22:07:39,2021-08-28 22:08:13,1
4499,tdhjaFUZuSts,11,,,2,62,28,2,2,12,1,2,3,1,5,2021-08-28 22:09:41,2021-08-28 22:10:29,1
4506,KNcdoIxS1Eqx,1,,,1,28,27,1,2,1,6,2,3,1,4,2021-08-28 22:10:59,2021-08-28 22:19:37,9
4509,A9MfmYH01tuZ,21,,,2,49,27,2,2,12,6,2,3,2,1,2021-08-28 22:11:29,2021-08-28 22:32:12,21
4511,LvXSls438XnA,7,,,2,20,13,1,2,13,3,2,3,1,1,2021-08-28 22:11:52,2021-08-28 22:12:43,1
4518,bBJjt3zt5uku,15,,,1,45,13,1,2,14,6,2,3,2,1,2021-08-28 22:12:45,2021-08-28 22:15:13,2
4519,vvq0NlaqIu0O,10,,,2,51,20,3,1,1,2,2,3,1,2,2021-08-28 22:13:15,2021-08-28 22:14:04,1
4535,CNXJ5fztpEXN,11,,,2,62,20,2,1,12,5,2,3,1,1,2021-08-28 22:15:41,2021-08-28 22:17:40,2
4553,OahMUvsFXHQy,2,,,1,37,8,1,2,1,6,2,3,1,1,2021-08-28 22:19:31,2021-08-28 22:20:45,1
4577,HMe2f2gbBsGv,4,,,1,59,25,3,1,1,4,2,3,1,1,2021-08-28 22:24:38,2021-08-28 22:25:49,1
4596,ke9KgusWTlZH,1,,,1,29,3,2,2,1,6,2,3,1,1,2021-08-28 22:29:29,2021-08-28 22:30:22,1
4607,dsNkxufX6bqS,18,,,1,72,34,1,2,11,6,2,3,2,4,2021-08-28 22:31:10,2021-08-28 22:32:31,1
4613,IcwbArRE2gPv,18,,,1,74,11,2,1,14,6,2,3,2,4,2021-08-28 22:32:06,2021-08-28 22:33:23,1
4626,fiGQiKJeZWjD,10,,,2,58,26,2,1,1,6,2,3,1,5,2021-08-28 22:35:46,2021-08-28 22:37:07,1
4629,sobP6sQ1PUvx,1,,,1,26,24,1,2,1,2,2,3,1,5,2021-08-28 22:36:09,2021-08-28 22:36:50,1
4637,knlX7DpWpwpv,4,,,1,56,14,2,1,2,6,2,3,1,5,2021-08-28 22:37:21,2021-08-28 22:37:59,1
4661,AzdiXqHVjL5k,1,,,1,25,11,2,1,1,2,2,3,1,1,2021-08-28 22:43:05,2021-08-28 22:43:59,1
4662,HohJfSBbsmbX,22,,,2,53,11,2,1,5,5,2,3,2,1,2021-08-28 22:43:11,2021-08-28 22:44:01,1
4673,jQbjZCFt5d4c,3,,,1,43,46,2,1,1,2,2,3,1,1,2021-08-28 22:47:56,2021-08-28 22:51:06,3
4718,ypqIoymejn4y,3,,,1,49,14,2,1,2,6,2,3,1,1,2021-08-28 23:01:35,2021-08-28 23:02:33,1
4725,7hprbJpU7Zgg,10,,,2,57,13,2,1,4,6,2,3,1,4,2021-08-28 23:03:59,2021-08-28 23:06:05,2
4729,EdGV5wnagWTX,22,,,2,57,44,2,1,8,2,2,3,2,5,2021-08-28 23:05:18,2021-08-28 23:06:08,1
4772,cbfxpJqo3rmi,2,,,1,34,46,2,2,1,1,2,3,1,1,2021-08-28 23:16:41,2021-08-28 23:22:10,5
4784,B5mQR9dzQVGn,21,,,2,45,40,1,2,5,6,2,3,2,4,2021-08-28 23:18:36,2021-08-28 23:19:06,1
4786,Xd5wR9TBpgHd,21,,,2,49,1,1,2,1,2,2,3,2,1,2021-08-28 23:19:08,2021-08-28 23:19:55,1
4787,AxM10OlK6uFG,21,,,2,45,14,1,2,9,6,2,3,2,4,2021-08-28 23:20:11,2021-08-28 23:20:47,1
4795,6JvBJm237RPu,3,,,1,46,11,3,2,11,6,2,3,1,1,2021-08-28 23:23:35,2021-08-28 23:24:36,1
4797,fPp6BkJyMoXP,6,,,1,79,40,2,1,14,2,2,3,1,1,2021-08-28 23:24:01,2021-08-28 23:26:03,2
4824,SHhSlmyhti9n,21,,,2,49,14,2,1,12,2,2,3,2,4,2021-08-28 23:31:39,2021-08-28 23:32:26,1
4825,LAo2bVarbrl1,10,,,2,50,4,2,1,12,2,2,3,1,1,2021-08-28 23:32:37,2021-08-28 23:33:36,1
4829,OZDokBU10hiq,7,,,2,21,11,1,2,13,2,2,3,1,1,2021-08-28 23:33:54,2021-08-28 23:34:47,1
4833,XykLZqQ5js4T,4,,,1,52,28,2,1,1,7,2,3,1,1,2021-08-28 23:36:18,2021-08-28 23:37:07,1
4860,iRZ4VnSkCCHw,15,,,1,46,10,1,2,1,6,2,3,2,5,2021-08-28 23:48:22,2021-08-28 23:49:08,1
4863,Af64x0JeqyTY,15,,,1,48,13,1,2,2,6,2,3,2,1,2021-08-28 23:49:08,2021-08-28 23:50:03,1
4876,lI5McvpXoWSW,9,,,2,49,1,2,1,1,5,2,3,1,5,2021-08-28 23:54:39,2021-08-28 23:55:34,1
4885,5fnJhQ7qK60Q,4,,,1,58,11,1,2,2,6,2,3,1,5,2021-08-28 23:56:25,2021-08-28 23:57:12,1
4886,9eWIHWg1GMBo,3,,,1,48,26,1,2,1,7,2,3,1,4,2021-08-28 23:56:30,2021-08-28 23:57:09,1
4902,V9ZSw6g7zWON,18,,,1,73,11,2,1,14,6,2,3,2,5,2021-08-29 0:03:21,2021-08-29 0:06:17,3
4915,fKXxoYVkVkJo,18,,,1,71,1,1,2,14,6,2,3,2,5,2021-08-29 0:08:12,2021-08-29 0:08:46,1
4919,Gfx5VQ0MTIn5,4,,,1,59,4,1,2,2,6,2,3,1,1,2021-08-29 0:09:13,2021-08-29 0:10:04,1
4927,mu7SII3kAa5F,5,,,1,63,1,2,2,12,6,2,3,1,5,2021-08-29 0:11:33,2021-08-29 0:12:44,1
4928,PcKgwumwXx1Q,12,,,2,74,10,3,2,14,5,2,3,1,4,2021-08-29 0:11:44,2021-08-29 0:12:21,1
4957,rM50lwFSV2Oz,7,,,2,22,22,1,2,13,2,2,3,1,1,2021-08-29 0:23:05,2021-08-29 0:23:55,1
4979,y8ql2kNinxLt,18,,,1,77,27,1,2,14,3,2,3,2,4,2021-08-29 0:35:14,2021-08-29 0:37:35,2
5018,W9H0xukl8llj,9,,,2,47,26,1,2,5,2,2,3,1,5,2021-08-29 0:59:14,2021-08-29 1:02:07,3
5040,S8TfxIvTqsts,22,,,2,50,19,2,1,12,2,2,3,2,2,2021-08-29 1:19:08,2021-08-29 1:20:40,2
5048,fwPhGVSVF7nN,7,,,2,22,11,1,2,13,2,2,3,1,1,2021-08-29 1:28:07,2021-08-29 1:28:50,1
5054,y3f4AwOMtXyG,18,,,1,75,13,3,1,6,6,2,3,2,5,2021-08-29 1:33:52,2021-08-29 1:36:05,2
5071,YTW7YbewFWz3,11,,,2,62,14,3,1,11,6,2,3,1,1,2021-08-29 1:58:54,2021-08-29 2:00:12,1
5079,DHPg0bWyNLnt,10,,,2,50,32,2,1,11,5,2,3,1,1,2021-08-29 2:05:40,2021-08-29 2:06:33,1
5086,LZHtH2c4AS64,4,,,1,53,43,2,1,2,7,2,3,1,1,2021-08-29 2:24:14,2021-08-29 2:25:35,1
5099,cPUm3P9TuNO5,18,,,1,73,4,2,1,14,6,2,3,2,4,2021-08-29 2:43:44,2021-08-29 2:45:40,2
5104,3vA3Md5jX1Wu,18,,,1,71,14,2,1,14,2,2,3,2,4,2021-08-29 2:52:01,2021-08-29 2:53:51,2
5142,BJ7Vi1c8ZO2B,7,,,2,27,14,1,2,1,6,2,3,1,1,2021-08-29 3:45:48,2021-08-29 3:46:33,1
5170,yNDTWxXQ3NuD,5,,,1,66,26,3,1,5,4,2,3,1,5,2021-08-29 4:26:05,2021-08-29 4:26:49,1
5207,rah8xUsXipw0,18,,,1,72,11,2,1,12,4,2,3,2,4,2021-08-29 4:50:06,2021-08-29 4:51:29,1
5215,Yu3Ftxa30wBh,5,,,1,60,3,2,1,5,6,2,3,1,4,2021-08-29 4:55:22,2021-08-29 4:56:52,2
5287,qXuiWERGLFrg,18,,,1,79,30,2,1,11,2,2,3,2,4,2021-08-29 5:49:27,2021-08-29 5:50:31,1
5291,FV065E3TC7oK,18,,,1,72,40,2,1,14,1,2,3,2,4,2021-08-29 5:52:20,2021-08-29 5:53:27,1
5330,c9WletyoauAi,6,,,1,72,24,1,2,14,6,2,3,1,5,2021-08-29 6:10:40,2021-08-29 6:11:54,1
5347,szhoBSjd3PUS,5,,,1,67,37,3,1,14,6,2,3,1,4,2021-08-29 6:15:00,2021-08-29 6:15:49,1
5416,d5mzWpFp5aUY,5,,,1,63,2,2,2,14,2,2,3,1,4,2021-08-29 6:36:36,2021-08-29 6:37:34,1
5420,AgmW9KWDbuKd,18,,,1,72,12,2,2,14,2,2,3,2,1,2021-08-29 6:38:16,2021-08-29 6:40:05,2
5422,BNsYMk3ZNz4A,4,,,1,52,15,1,2,14,6,2,3,1,1,2021-08-29 6:39:08,2021-08-29 6:39:53,1
5432,SCYcpWoIQH9W,18,,,1,72,13,2,2,14,6,2,3,2,4,2021-08-29 6:43:19,2021-08-29 6:44:35,1
5440,gTje4ilXHgpr,10,,,2,55,4,2,1,12,6,2,3,1,5,2021-08-29 6:48:32,2021-08-29 6:49:27,1
5441,3sRdi1Yf47vg,3,,,1,46,45,2,1,1,2,2,3,1,5,2021-08-29 6:48:41,2021-08-29 6:49:34,1
5465,iIfMbnjA4r54,3,,,1,42,12,2,1,1,6,2,3,1,1,2021-08-29 6:54:54,2021-08-29 6:55:37,1
5469,SRAGU4a6uHaI,4,,,1,55,33,2,1,1,6,2,3,1,1,2021-08-29 6:55:06,2021-08-29 6:56:04,1
5495,Z2KJt6GhkEgJ,5,,,1,61,10,2,1,1,2,2,3,1,4,2021-08-29 7:03:00,2021-08-29 7:04:06,1
5516,yPQRNJHYWvyR,12,,,2,74,17,2,1,12,6,2,3,1,4,2021-08-29 7:12:00,2021-08-29 7:14:16,2
5541,6je4lQ26ZknY,10,,,2,51,6,1,2,4,6,2,3,1,1,2021-08-29 7:21:19,2021-08-29 7:22:18,1
5565,zVHIi47M8zbr,11,,,2,60,23,2,1,5,5,2,3,1,5,2021-08-29 7:31:14,2021-08-29 7:31:58,1
5596,NBqq0ZUp1F8O,11,,,2,60,1,2,1,12,6,2,3,1,1,2021-08-29 7:40:43,2021-08-29 7:41:37,1
5610,pL4SnkAfO5ES,5,,,1,60,7,2,1,5,6,2,3,1,5,2021-08-29 7:44:14,2021-08-29 7:45:18,1
5615,WvW2PQNkM0Nj,9,,,2,45,14,2,1,11,4,2,3,1,1,2021-08-29 7:45:16,2021-08-29 7:46:29,1
5742,1FN7SXlJV7og,4,,,1,58,20,2,1,10,6,2,3,1,4,2021-08-29 8:18:51,2021-08-29 8:19:35,1
5772,u85AI7beHgX1,10,,,2,51,27,2,1,11,4,2,3,1,1,2021-08-29 8:26:51,2021-08-29 8:27:50,1
5846,sJvqeyMziGWF,11,,,2,61,42,2,1,6,2,2,3,1,4,2021-08-29 8:44:43,2021-08-29 8:46:26,2
5899,ny5Z9liZxQQH,9,,,2,46,14,2,1,11,6,2,3,1,1,2021-08-29 8:58:54,2021-08-29 9:00:58,2
5911,uuLuV6d3rJFw,4,,,1,58,46,2,1,6,6,2,3,1,4,2021-08-29 9:01:21,2021-08-29 9:02:19,1
5914,me1ml1BwdF0X,4,,,1,57,26,2,1,14,6,2,3,1,4,2021-08-29 9:02:30,2021-08-29 9:03:33,1
5929,xCgJiBTZkijE,4,,,1,57,13,2,1,2,2,2,3,1,1,2021-08-29 9:05:10,2021-08-29 9:05:58,1
5960,BMiLPzQ3VGWo,7,,,2,20,28,1,2,14,1,2,3,1,1,2021-08-29 9:12:43,2021-08-29 9:13:49,1
5972,UICcBMDLuJZu,12,,,2,70,11,2,1,12,6,2,3,1,5,2021-08-29 9:15:00,2021-08-29 9:16:08,1
5987,RaT4k486JIOQ,11,,,2,61,14,2,2,15,4,2,3,1,5,2021-08-29 9:19:28,2021-08-29 9:20:02,1
6060,kefOW9iv33ky,10,,,2,51,5,1,2,11,2,2,3,1,5,2021-08-29 9:30:50,2021-08-29 9:31:24,1
6122,yn3xc0jijQfy,4,,,1,52,26,1,2,11,4,2,3,1,1,2021-08-29 9:46:42,2021-08-29 9:48:11,1
6132,MFVgKRBirnvg,9,,,2,49,26,2,2,11,4,2,3,1,1,2021-08-29 9:50:17,2021-08-29 9:51:11,1
6151,O4WcDoOVNvjR,4,,,1,57,13,1,2,1,6,2,3,1,5,2021-08-29 9:52:31,2021-08-29 9:53:14,1
6202,mTHP6Wwp7fJy,5,,,1,63,9,1,2,14,6,2,3,1,5,2021-08-29 10:04:07,2021-08-29 10:04:38,1
6250,eB51fRZU44B8,10,,,2,58,3,1,2,1,5,2,3,1,3,2021-08-29 10:12:46,2021-08-29 10:15:52,3
6467,CpRGkTub6TBm,7,,,2,26,37,2,1,12,6,2,3,1,1,2021-08-29 11:11:39,2021-08-29 11:12:23,1
6574,Pmqmyj9za2g5,3,,,1,42,12,1,2,14,1,2,3,1,1,2021-08-29 11:27:50,2021-08-29 11:28:44,1
6648,tZPxO7SuO6xM,10,,,2,53,23,2,1,12,4,2,3,1,4,2021-08-29 11:36:01,2021-08-29 11:37:05,1
6670,CJD7oNJdubcM,11,,,2,62,5,2,1,11,5,2,3,1,4,2021-08-29 11:38:57,2021-08-29 11:40:20,1
6699,nfgzdKmCSyDv,6,,,1,72,23,2,1,14,2,2,3,1,4,2021-08-29 11:42:00,2021-08-29 11:43:15,1
6718,v5w0CKlMaskI,5,,,1,61,15,1,2,3,7,2,3,1,5,2021-08-29 11:44:42,2021-08-29 11:45:22,1
6766,DknCLFpcfHq4,12,,,2,72,27,2,2,12,2,2,3,1,4,2021-08-29 11:51:21,2021-08-29 11:52:00,1
6768,ZExZXGB7iKwq,9,,,2,47,14,1,2,15,2,2,3,1,4,2021-08-29 11:51:25,2021-08-29 11:52:26,1
6930,OrpaX6MZDhYh,11,,,2,63,13,2,2,11,6,2,3,1,4,2021-08-29 12:19:00,2021-08-29 12:20:37,2
7127,VCTW4SWUKwbH,12,,,2,70,34,2,1,12,6,2,3,1,1,2021-08-29 12:42:45,2021-08-29 12:45:53,3
7173,HnYsel06aB9e,6,,,1,75,13,3,1,15,2,2,3,1,4,2021-08-29 12:47:58,2021-08-29 12:49:19,1
7263,HnZqY6e1RI6E,2,,,1,36,34,2,1,1,1,2,3,1,1,2021-08-29 12:57:13,2021-08-29 12:58:35,1
7350,bhsn5vMyCua7,5,,,1,62,28,2,1,1,7,2,3,1,4,2021-08-29 13:03:35,2021-08-29 13:04:19,1
7420,ZgNKH0R225va,10,,,2,55,33,2,1,1,2,2,3,1,1,2021-08-29 13:07:55,2021-08-29 13:09:01,1
7481,GrPmxJrKkJgx,2,,,1,36,13,2,1,1,6,2,3,1,1,2021-08-29 13:12:43,2021-08-29 13:13:31,1
7508,6akd2uTxiUTo,6,,,1,73,29,2,1,14,3,2,3,1,4,2021-08-29 13:14:07,2021-08-29 13:15:27,1
7569,XMz07gL5Pw91,7,,,2,21,14,1,2,13,2,2,3,1,4,2021-08-29 13:18:32,2021-08-29 13:19:32,1
7692,MDvnTuXDjJfk,6,,,1,72,1,2,1,5,6,2,3,1,4,2021-08-29 13:26:25,2021-08-29 13:28:38,2
7710,zXjqtpGwUPhX,12,,,2,71,40,2,1,12,6,2,3,1,2,2021-08-29 13:27:22,2021-08-29 13:29:18,2
7713,eAutWS1XmYQt,5,,,1,68,42,3,2,6,2,2,3,1,4,2021-08-29 13:27:26,2021-08-29 13:28:34,1
7732,xIiRKzu31Owx,6,,,1,74,24,2,1,14,6,2,3,1,4,2021-08-29 13:29:14,2021-08-29 13:30:37,1
7896,wCr3Yfcg8yy8,6,,,1,77,26,3,1,6,3,2,3,1,5,2021-08-29 13:38:29,2021-08-29 13:39:58,1
7921,JY4cwFqctox0,6,,,1,72,12,2,1,14,6,2,3,1,1,2021-08-29 13:40:01,2021-08-29 13:41:04,1
7931,Pp5rDIKcCYaC,9,,,2,48,13,2,1,11,4,2,3,1,1,2021-08-29 13:40:52,2021-08-29 13:41:52,1
7943,vLXHWl1kEMH5,6,,,1,71,37,3,2,11,6,2,3,1,4,2021-08-29 13:41:44,2021-08-29 13:42:48,1
7995,r5uvBVR2nIi3,6,,,1,74,20,2,1,6,6,2,3,1,2,2021-08-29 13:44:22,2021-08-29 13:50:22,6
8421,vHvozQN3p6Fj,5,,,1,60,16,2,2,3,6,2,3,1,1,2021-08-29 14:10:59,2021-08-29 14:12:06,1
8562,YTX3VIEMmC4A,6,,,1,73,11,2,1,14,6,2,3,1,4,2021-08-29 14:19:34,2021-08-29 14:20:46,1
8582,eG3ZvAEElGL2,7,,,2,26,40,1,2,1,3,2,3,1,1,2021-08-29 14:21:05,2021-08-29 14:21:43,1
8646,9kdW8CTPuMi1,7,,,2,22,34,1,2,1,2,2,3,1,1,2021-08-29 14:26:01,2021-08-29 14:26:53,1
8695,NpYXC3svMZ54,11,,,2,60,40,2,1,3,6,2,3,1,4,2021-08-29 14:29:57,2021-08-29 14:31:00,1
8720,hC2p45hIgKoJ,5,,,1,67,2,2,1,14,6,2,3,1,5,2021-08-29 14:31:27,2021-08-29 14:32:38,1
8764,nDvTZY7CXQiK,5,,,1,63,33,1,2,14,2,2,3,1,5,2021-08-29 14:35:35,2021-08-29 14:36:46,1
8772,nMkKDcHDySxh,6,,,1,78,11,2,1,14,2,2,3,1,5,2021-08-29 14:34:08,2021-08-29 14:35:02,1
8842,WJXVh621r2VW,11,,,2,61,40,3,1,14,6,2,3,1,1,2021-08-29 14:39:00,2021-08-29 14:41:17,2
8865,tK8lLs8KAvET,2,,,1,34,45,2,1,1,6,2,3,1,1,2021-08-29 14:40:22,2021-08-29 14:41:24,1
8903,yWiqusvrs8Db,5,,,1,60,5,2,1,1,2,2,3,1,1,2021-08-29 14:42:03,2021-08-29 14:43:24,1
9073,DVxsOKK43QnD,5,,,1,62,2,2,1,6,6,2,3,1,5,2021-08-29 14:51:21,2021-08-29 14:52:20,1
9074,d9JNBLIXlPwU,12,,,2,72,23,2,1,12,2,2,3,1,2,2021-08-29 14:51:26,2021-08-29 14:52:40,1
9131,gGXUFb3vRpNj,9,,,2,42,4,3,2,11,2,2,3,1,1,2021-08-29 14:55:05,2021-08-29 14:55:58,1
9303,cBLzrWritiPQ,11,,,2,60,19,2,1,12,2,2,3,1,1,2021-08-29 15:05:56,2021-08-29 15:06:58,1
9375,7i4ZFs4gKChT,6,,,1,70,10,3,1,14,2,2,3,1,4,2021-08-29 15:09:50,2021-08-29 15:10:55,1
9471,Yl22RaeIKWfQ,12,,,2,71,23,1,2,14,2,2,3,1,1,2021-08-29 15:16:45,2021-08-29 15:18:11,1
9542,cU1dcD5qohAM,6,,,1,79,11,2,1,14,2,2,3,1,5,2021-08-29 15:21:06,2021-08-29 15:22:22,1
9565,a81AvpezieOq,12,,,2,76,24,2,1,12,6,2,3,1,4,2021-08-29 15:22:29,2021-08-29 15:24:10,2
9576,pN4WG1LRpt38,5,,,1,60,8,2,1,11,4,2,3,1,1,2021-08-29 15:23:14,2021-08-29 15:24:11,1
9586,8HHlpKcwfePL,6,,,1,73,4,2,1,14,6,2,3,1,1,2021-08-29 15:23:49,2021-08-29 15:25:20,2
9599,UlXPyRrKo6Vo,12,,,2,72,12,2,1,12,3,2,3,1,4,2021-08-29 15:24:59,2021-08-29 15:25:52,1
9660,XDnncHeLKzHl,7,,,2,23,23,1,2,14,1,2,3,1,5,2021-08-29 15:29:42,2021-08-29 15:30:16,1
9777,yroANzWTL85k,12,,,2,74,28,2,1,14,5,2,3,1,4,2021-08-29 15:36:25,2021-08-29 15:37:24,1
9802,13dBpmkBsrLO,11,,,2,60,37,2,1,12,2,2,3,1,4,2021-08-29 15:37:47,2021-08-29 15:38:40,1
9933,osXj9BAZRbhz,6,,,1,73,28,3,1,14,2,2,3,1,5,2021-08-29 15:45:21,2021-08-29 15:46:38,1
10114,Vyq9tF4nctN3,6,,,1,73,20,2,1,11,1,2,3,1,1,2021-08-29 15:55:31,2021-08-29 15:56:33,1
10376,GhWfihqoVEJx,10,,,2,54,4,3,1,11,5,2,3,1,1,2021-08-29 16:09:51,2021-08-29 16:10:55,1
10597,CobYolFPgEDT,11,,,2,63,15,2,1,12,2,2,3,1,1,2021-08-29 16:23:01,2021-08-29 16:23:59,1
10626,UJtZTjGVLpfC,11,,,2,62,20,2,1,11,2,2,3,1,4,2021-08-29 16:24:56,2021-08-29 16:25:45,1
10674,TGy7e1ayhlOG,5,,,1,63,14,2,2,3,6,2,3,1,5,2021-08-29 16:28:16,2021-08-29 16:29:05,1
10951,w3Turnu1ysuW,11,,,2,63,27,1,2,14,4,2,3,1,4,2021-08-29 16:41:57,2021-08-29 16:42:58,1
10967,Q3CKnWuItrre,6,,,1,74,28,3,1,14,2,2,3,1,5,2021-08-29 16:42:47,2021-08-29 16:43:41,1
11040,TFCOKMcccRDF,11,,,2,61,23,2,1,6,6,2,3,1,1,2021-08-29 16:47:04,2021-08-29 16:48:36,2
11066,jBesrNTWCGEP,2,,,1,36,15,1,2,11,6,2,3,1,1,2021-08-29 16:48:08,2021-08-29 16:48:54,1
11215,JWCVaaagLCaw,12,,,2,70,14,2,1,14,2,2,3,1,1,2021-08-29 16:56:56,2021-08-29 16:57:46,1
11349,udepF49Wjxct,12,,,2,71,38,2,1,12,6,2,3,1,4,2021-08-29 17:04:48,2021-08-29 17:05:45,1
11527,IapAHwIRJVvl,5,,,1,64,1,2,1,4,6,2,3,1,4,2021-08-29 17:15:53,2021-08-29 17:16:40,1
11620,9TXbbqkpxHzF,6,,,1,74,14,3,1,14,2,2,3,1,5,2021-08-29 17:22:19,2021-08-29 17:23:18,1
11692,F93wCn6c5XDx,11,,,2,64,2,3,1,14,4,2,3,1,4,2021-08-29 17:26:28,2021-08-29 17:28:18,2
11717,67S6o42MUsGK,6,,,1,78,4,2,1,14,2,2,3,1,4,2021-08-29 17:27:57,2021-08-29 17:29:38,2
11774,11GJ7DzIIqXw,6,,,1,72,42,2,1,14,2,2,3,1,4,2021-08-29 17:31:33,2021-08-29 17:32:43,1
11787,LT0wYrAYN3IC,5,,,1,63,16,2,1,5,6,2,3,1,1,2021-08-29 17:32:24,2021-08-29 17:33:38,1
12114,J3Md6J0KJ3G9,11,,,2,63,14,2,2,3,6,2,3,1,5,2021-08-29 17:54:28,2021-08-29 17:55:48,1
12124,zJqs6khT3k1G,6,,,1,79,28,2,1,14,3,2,3,1,3,2021-08-29 17:55:17,2021-08-29 17:56:59,2
12128,vbRcZCEuY9YO,12,,,2,70,5,2,1,3,2,2,3,1,1,2021-08-29 17:55:32,2021-08-29 17:57:56,2
12237,dqqXiMclE3eD,6,,,1,73,1,3,1,14,2,2,3,1,4,2021-08-29 18:03:27,2021-08-29 18:05:48,2
12266,cIlxDEJZstdL,10,,,2,52,13,2,1,12,6,2,3,1,4,2021-08-29 18:05:29,2021-08-29 18:06:50,1
12399,oqJonYx5PjbW,11,,,2,60,12,3,1,11,6,2,3,1,4,2021-08-29 18:14:50,2021-08-29 18:15:59,1
12415,uLYA6P9Pa6X6,5,,,1,64,20,2,1,1,6,2,3,1,5,2021-08-29 18:17:24,2021-08-29 18:18:01,1
12449,pSc0CoTuLWBR,6,,,1,70,27,2,1,6,2,2,3,1,1,2021-08-29 18:19:19,2021-08-29 18:20:29,1
12562,W1XAF8mk0dz2,6,,,1,70,11,2,1,11,6,2,3,1,5,2021-08-29 18:28:50,2021-08-29 18:29:37,1
13043,cyEOWZtrzhFn,12,,,2,72,21,3,1,14,2,2,3,1,4,2021-08-29 19:01:35,2021-08-29 19:02:39,1
13280,SLRB2vpGDhVu,6,,,1,70,14,2,1,5,6,2,3,1,4,2021-08-29 19:20:33,2021-08-29 19:22:40,2
13415,ju11XBOI8pFC,6,,,1,70,27,1,2,6,2,2,3,1,5,2021-08-29 19:32:16,2021-08-29 19:33:11,1
13621,17fOZlo7RAOi,11,,,2,64,28,2,2,7,6,2,3,1,2,2021-08-29 19:50:15,2021-08-29 19:51:29,1
13681,KeMzGyeA8euL,5,,,1,63,15,2,1,5,3,2,3,1,5,2021-08-29 19:53:50,2021-08-29 19:54:48,1
13812,tDShwo0bO2pt,5,,,1,67,23,2,1,6,2,2,3,1,2,2021-08-29 20:03:10,2021-08-29 20:05:26,2
13820,ozf1MwmsQWqt,5,,,1,66,13,1,2,5,2,2,3,1,4,2021-08-29 20:03:24,2021-08-29 20:04:33,1
13948,lszbli6Jnn6d,7,,,2,25,17,1,2,14,8,2,3,1,6,2021-08-29 20:10:21,2021-08-29 20:11:05,1
14017,L8R4GckbqCcb,5,,,1,62,12,2,2,1,2,2,3,1,1,2021-08-29 20:13:50,2021-08-29 20:14:47,1
14023,UWdPbaXdA8ET,5,,,1,60,26,2,1,1,2,2,3,1,5,2021-08-29 20:14:13,2021-08-29 20:16:20,2
14086,zOzxAIkTT5ld,6,,,1,70,13,2,1,14,2,2,3,1,1,2021-08-29 20:18:19,2021-08-29 20:19:25,1
14428,WIDV09Sk0ckh,5,,,1,60,15,1,2,14,2,2,3,1,1,2021-08-29 20:45:57,2021-08-29 20:47:09,1
14454,cpJgyGdoG5ba,6,,,1,72,23,3,2,6,6,2,3,1,4,2021-08-29 20:48:04,2021-08-29 20:49:11,1
14556,2ypRGHKkUKBA,5,,,1,61,13,2,1,11,6,2,3,1,2,2021-08-29 20:57:04,2021-08-29 20:58:16,1
14559,mlotM14Wy3d2,5,,,1,62,27,3,1,1,3,2,3,1,4,2021-08-29 20:57:29,2021-08-29 20:58:20,1
14631,sCPNo3oKlW9H,12,,,2,72,27,2,1,12,5,2,3,1,2,2021-08-29 21:02:46,2021-08-29 21:04:38,2
14815,j7riwsUnIWVV,3,,,1,48,13,1,2,11,2,2,3,1,1,2021-08-29 21:18:25,2021-08-29 21:19:16,1
15002,YSLnEDoEpGXj,12,,,2,72,26,2,1,11,6,2,3,1,1,2021-08-29 21:35:32,2021-08-29 21:36:41,1
15020,MA4yE4GBXmCr,12,,,2,76,11,3,1,14,2,2,3,1,4,2021-08-29 21:37:31,2021-08-29 21:38:30,1
15052,ErYRPzLEtZzY,6,,,1,70,9,2,1,11,2,2,3,1,4,2021-08-29 21:42:13,2021-08-29 21:43:18,1
15059,G8WKZGR7aSHM,12,,,2,73,28,3,1,15,5,2,3,1,5,2021-08-29 21:42:48,2021-08-29 21:43:45,1
15117,A4mRTlL0CrDq,2,,,1,35,8,2,1,1,6,2,3,1,1,2021-08-29 21:50:33,2021-08-29 21:51:26,1
15252,quQ30Cx8otwI,12,,,2,70,44,2,1,3,5,2,3,1,4,2021-08-29 22:07:01,2021-08-29 22:08:25,1
15414,d8aiYJsasNJD,10,,,2,53,28,1,2,11,2,2,3,1,1,2021-08-29 22:29:43,2021-08-29 22:31:25,2
15463,mVndIrihV8Wt,10,,,2,54,37,2,1,11,5,2,3,1,2,2021-08-29 22:39:42,2021-08-29 22:40:39,1
15537,1X6HC3SgBHu9,6,,,1,71,9,3,1,14,6,2,3,1,1,2021-08-29 22:51:21,2021-08-29 22:52:36,1
15544,gdF9eVfavXvp,5,,,1,60,46,2,2,5,4,2,3,1,4,2021-08-29 22:52:29,2021-08-29 22:54:48,2
15593,SUhFfSCa9jqi,7,,,2,28,46,1,2,4,6,2,3,1,1,2021-08-29 23:03:36,2021-08-29 23:04:27,1
15695,OqFDhjgajguk,6,,,1,73,15,2,1,14,2,2,3,1,4,2021-08-29 23:27:02,2021-08-29 23:27:59,1
15800,lUvtRTEZYVc4,6,,,1,78,13,2,2,7,1,2,3,1,4,2021-08-30 10:04:20,2021-08-30 10:07:27,3
15841,NG6BYUrmkGte,6,,,1,71,22,2,2,14,6,2,3,1,4,2021-08-30 10:07:40,2021-08-30 10:08:41,1
15873,TouyBNNGxAAp,6,,,1,71,11,2,1,14,6,2,3,1,4,2021-08-30 10:10:29,2021-08-30 10:11:49,1
15889,POwKjUYe1Zjk,6,,,1,76,13,2,1,14,2,2,3,1,5,2021-08-30 10:12:37,2021-08-30 10:14:12,2
15990,mY7NHcoQkIMW,7,,,2,29,34,1,2,2,6,2,3,1,5,2021-08-30 10:19:34,2021-08-30 10:20:12,1
16015,fdO2lD5ilUbH,12,,,2,78,22,3,1,14,2,2,3,1,1,2021-08-30 10:21:24,2021-08-30 10:22:25,1
16397,bBdRjDEm9n6t,6,,,1,79,34,2,1,14,2,2,3,1,4,2021-08-30 10:54:11,2021-08-30 10:55:34,1
16549,x27TsOZFF4CM,7,,,2,28,23,2,1,9,4,2,3,1,1,2021-08-30 11:08:33,2021-08-30 11:09:18,1
16638,2EtrmDDjg7fT,6,,,1,79,13,2,1,14,6,2,3,1,5,2021-08-30 11:14:57,2021-08-30 11:16:19,1
16897,rt2uxU7OQkfr,11,,,2,61,27,2,1,12,5,2,3,1,4,2021-08-30 11:33:41,2021-08-30 11:34:39,1
16924,L8r3MDSazkUQ,6,,,1,72,14,3,2,14,6,2,3,1,4,2021-08-30 11:35:13,2021-08-30 11:45:34,10
16956,9cL5W5s2yjeU,11,,,2,60,8,3,2,14,2,2,3,1,1,2021-08-30 11:37:53,2021-08-30 11:38:46,1
17109,I3hyBhzbsObD,11,,,2,62,12,2,1,12,6,2,3,1,4,2021-08-30 11:49:06,2021-08-30 11:49:58,1
17230,r5DLm6y09Eoa,6,,,1,74,16,2,1,14,6,2,3,1,5,2021-08-30 12:00:59,2021-08-30 12:02:05,1
17454,W1ly5aoXU4NZ,11,,,2,68,13,2,2,6,4,2,3,1,5,2021-08-30 12:21:11,2021-08-30 12:22:21,1
17681,tU8ra3WsbFFP,11,,,2,60,14,3,1,14,5,2,3,1,4,2021-08-30 12:35:38,2021-08-30 12:36:58,1
17733,VTZS9xICJ6sX,11,,,2,60,14,3,1,6,6,2,3,1,4,2021-08-30 12:38:52,2021-08-30 12:39:32,1
17967,g0q2lWVSKxHG,6,,,1,78,25,2,1,6,2,2,3,1,1,2021-08-30 12:52:43,2021-08-30 12:58:15,6
18027,jR4rNu56l7BZ,6,,,1,76,28,2,1,14,6,2,3,1,4,2021-08-30 12:57:17,2021-08-30 12:58:33,1
18218,ICmqptmNWnN9,6,,,1,72,18,3,1,14,4,2,3,1,5,2021-08-30 13:07:40,2021-08-30 13:08:52,1
18302,oLL8bqvmgaY0,11,,,2,60,2,1,2,4,6,2,3,1,4,2021-08-30 13:12:12,2021-08-30 13:18:09,6
18574,DUh1psXNHYUV,11,,,2,64,28,2,1,12,6,2,3,1,1,2021-08-30 13:25:34,2021-08-30 13:26:51,1
18595,zyk7cFbMRpXq,11,,,2,67,20,2,1,11,5,2,3,1,4,2021-08-30 13:26:32,2021-08-30 13:27:27,1
18708,FolD2Na3OD0a,7,,,2,29,26,1,2,11,2,2,3,1,1,2021-08-30 13:31:09,2021-08-30 13:31:55,1
18824,ePlrWRyQzAXb,2,,,1,31,40,1,2,1,6,2,3,1,1,2021-08-30 13:37:14,2021-08-30 13:38:00,1
18840,sKoHJpwXKGBL,7,,,2,25,11,1,2,1,6,2,3,1,1,2021-08-30 13:37:51,2021-08-30 13:39:47,2
18956,7w7tImjA9oQf,11,,,2,65,1,3,1,14,6,2,3,1,1,2021-08-30 13:44:03,2021-08-30 13:45:38,2
19302,4wemeKLwUT0M,11,,,2,63,12,2,1,12,6,2,3,1,4,2021-08-30 14:04:01,2021-08-30 14:04:46,1
20058,YZQPeRs0QRoR,11,,,2,61,11,3,1,11,2,2,3,1,1,2021-08-30 15:00:59,2021-08-30 15:02:22,1
20227,aKSrQJy9pPl1,11,,,2,62,1,2,1,11,2,2,3,1,4,2021-08-30 15:14:13,2021-08-30 15:15:38,1
20952,JpF9hZlAcFFr,11,,,2,60,23,2,1,12,6,2,3,1,2,2021-08-30 16:11:30,2021-08-30 16:12:22,1
20964,Jyeb6uL1Dra7,11,,,2,62,12,2,1,12,2,2,3,1,4,2021-08-30 16:12:15,2021-08-30 16:14:49,3
21103,roAji3EZz2m4,11,,,2,67,40,2,1,12,2,2,3,1,5,2021-08-30 16:21:25,2021-08-30 16:22:30,1
21152,7Do3y7Y60fom,7,,,2,24,13,1,2,1,6,2,3,1,4,2021-08-30 16:25:03,2021-08-30 16:31:42,7
21177,8eeyZaMD5g43,11,,,2,60,23,2,1,11,5,2,3,1,1,2021-08-30 16:27:03,2021-08-30 16:28:23,1
21472,OFUjOFbcNIe2,2,,,1,36,8,1,2,8,1,2,3,1,1,2021-08-30 16:52:15,2021-08-30 16:54:24,2
21761,j0Pd9j6H31cL,7,,,2,20,13,1,2,13,2,2,3,1,1,2021-08-30 17:19:55,2021-08-30 17:20:53,1
22052,ejPIqG9GaRgW,12,,,2,72,28,2,1,11,5,2,3,1,1,2021-08-30 17:51:31,2021-08-30 17:53:06,2
22472,GfcJfJk579oN,7,,,2,20,32,1,2,13,2,2,3,1,1,2021-08-30 18:49:57,2021-08-30 18:50:41,1
22832,LNomwVi1MXIq,2,,,1,37,4,2,1,1,4,2,3,1,1,2021-08-30 19:51:07,2021-08-30 19:51:45,1
