"id","berlin_correct_count","mean_subjective_numeracy","averageNumerical","averageNonNumerical","averageInformativenessPositiveNumerical","averageInformativenessNetagtiveNumerical","averageInformativenessPositiveNonNumerical","averageInformativenessNetagtiveNonNumerical","averageCredibilityPositiveNumerical","averageCredibilityNetagtiveNumerical","averageCredibilityPositiveNonNumerical","averageCredibilityNetagtiveNonNumerical","averageCredibility","averageInformativeness","averageInformativenessNumerical","averageInformativenessNonNumerical","averageCredibilityNumerical","averageCredibilityNonNumerical","health_correct_count","êîílë‘ìx_ïΩãœ","HBM_average_Acceptance","HBM_average_Benefit","HBM_average_Risk"
"12oOI05MUcRn",0,5,NA,NA,NA,NA,NA,NA,NA,NA,NA,NA,NA,NA,NA,NA,NA,NA,NA,2.8,5,4,2
"13dBpmkBsrLO",1,NA,NA,NA,NA,NA,NA,NA,NA,NA,NA,NA,NA,NA,NA,NA,NA,NA,NA,NA,NA,NA,NA
"1rUe7dH9YMSP",0,4,3.44444444444444,3.31578947368421,3.33333333333333,3,3,3.66666666666667,3.66666666666667,4,4,2.33333333333333,3.30769230769231,3.25,3.16666666666667,3.33333333333333,3.83333333333333,3.16666666666667,2,3.2,5,1.5,1.5
"1Z1nsYMaZnyI",0,3.8,4.38888888888889,3.89473684210526,6.33333333333333,4.33333333333333,3,3.33333333333333,4.66666666666667,4.66666666666667,4.66666666666667,4,4.23076923076923,4.25,5.33333333333333,3.16666666666667,4.66666666666667,4.33333333333333,3,3.2,5,4,3
"2EtrmDDjg7fT",0,5.2,NA,NA,NA,NA,NA,NA,NA,NA,NA,NA,NA,NA,NA,NA,NA,NA,NA,NA,NA,NA,NA
"2gGnBK53eL7k",0,NA,NA,NA,NA,NA,NA,NA,NA,NA,NA,NA,NA,NA,NA,NA,NA,NA,NA,NA,NA,NA,NA
"2iyiEwK3e62I",0,3.4,2.94444444444444,2.36842105263158,5.66666666666667,1,2.66666666666667,1,6,1.33333333333333,2.66666666666667,1,2.61538461538462,2.58333333333333,3.33333333333333,1.83333333333333,3.66666666666667,1.83333333333333,3,2.5,5,4.5,1.5
"2kNNYSMAAkyn",1,1,5,4.63157894736842,4,7,1,7,4,7,3,7,4.92307692307692,4.75,5.5,4,5.5,5,4,3,3,1,5
"2kRHyG5q7biK",1,NA,NA,NA,NA,NA,NA,NA,NA,NA,NA,NA,NA,NA,NA,NA,NA,NA,NA,NA,NA,NA,NA
"2sdUmZbtYmGE",0,NA,NA,NA,NA,NA,NA,NA,NA,NA,NA,NA,NA,NA,NA,NA,NA,NA,NA,NA,NA,NA,NA
"2TZHACX6MsZD",0,NA,3.22222222222222,3.84210526315789,3.66666666666667,2.33333333333333,3.66666666666667,4,1,4.66666666666667,3.66666666666667,7,3.84615384615385,3.41666666666667,3,3.83333333333333,2.83333333333333,5.33333333333333,1,3.1,2.5,4,4
"2uAysoGBPttN",0,3.4,3.61111111111111,3.52631578947368,4.33333333333333,4,4,3.33333333333333,3,3,4.33333333333333,4.33333333333333,3.46153846153846,3.91666666666667,4.16666666666667,3.66666666666667,3,4.33333333333333,4,3.7,3.5,3,3.5
"2vPF8aobbtnI",1,NA,4.16666666666667,3.78947368421053,3.33333333333333,5.66666666666667,2.33333333333333,6.66666666666667,1.66666666666667,5.33333333333333,2.66666666666667,5,3.46153846153846,4.5,4.5,4.5,3.5,3.83333333333333,4,3.9,1.5,2.5,5
"2xjethWaUu34",0,3.2,NA,NA,NA,NA,NA,NA,NA,NA,NA,NA,NA,NA,NA,NA,NA,NA,NA,NA,NA,NA,NA
"2ypRGHKkUKBA",1,NA,NA,NA,NA,NA,NA,NA,NA,NA,NA,NA,NA,NA,NA,NA,NA,NA,NA,NA,NA,NA,NA
"2Z8qaq9l1qiw",0,NA,NA,NA,NA,NA,NA,NA,NA,NA,NA,NA,NA,NA,NA,NA,NA,NA,NA,NA,NA,NA,NA
"346Enel831gB",1,NA,NA,NA,NA,NA,NA,NA,NA,NA,NA,NA,NA,NA,NA,NA,NA,NA,NA,NA,NA,NA,NA
"36YFrc7n3tJx",1,NA,NA,NA,NA,NA,NA,NA,NA,NA,NA,NA,NA,NA,NA,NA,NA,NA,NA,NA,NA,NA,NA
"38wxOr6rEYEB",0,3.8,4.27777777777778,4.05263157894737,4,5,3.33333333333333,4.66666666666667,4,4.66666666666667,3.66666666666667,5,4.07692307692308,4.25,4.5,4,4.33333333333333,4.33333333333333,4,3.5,3,2,4.5
"3aCRWWakA9fX",1,NA,4.55555555555556,4.21052631578947,6,4.33333333333333,3.33333333333333,3.66666666666667,5,5,4.66666666666667,4.66666666666667,4.53846153846154,4.33333333333333,5.16666666666667,3.5,5,4.66666666666667,4,3.4,4,2.5,2.5
"3cW88QMv8Mte",0,4.2,4.5,4.26315789473684,5,4,5.66666666666667,3.33333333333333,4.66666666666667,4.33333333333333,6,2.66666666666667,4.15384615384615,4.5,4.5,4.5,4.5,4.33333333333333,2,NA,NA,NA,NA
"3hg53D5L4SQH",1,NA,NA,NA,NA,NA,NA,NA,NA,NA,NA,NA,NA,NA,NA,NA,NA,NA,NA,NA,NA,NA,NA
"3I7jfXP8WA9a",0,NA,NA,NA,NA,NA,NA,NA,NA,NA,NA,NA,NA,NA,NA,NA,NA,NA,NA,NA,NA,NA,NA
"3LYuGZmdcKAi",1,5,4.66666666666667,4.42105263157895,5.66666666666667,5,3,4,5.33333333333333,5,5.33333333333333,5,4.84615384615385,4.41666666666667,5.33333333333333,3.5,5.16666666666667,5.16666666666667,4,NA,NA,NA,NA
"3RpgjJLqN2Yn",1,3.4,NA,NA,NA,NA,NA,NA,NA,NA,NA,NA,NA,NA,NA,NA,NA,NA,NA,2.9,3,3,3.5
"3tFg384c1fPp",1,5.6,NA,NA,NA,NA,NA,NA,NA,NA,NA,NA,NA,NA,NA,NA,NA,NA,NA,NA,NA,NA,NA
"3YlgJMeSJ3vQ",1,4.8,NA,NA,NA,NA,NA,NA,NA,NA,NA,NA,NA,NA,NA,NA,NA,NA,NA,NA,NA,NA,NA
"49o5jArIhaZj",1,NA,NA,NA,NA,NA,NA,NA,NA,NA,NA,NA,NA,NA,NA,NA,NA,NA,NA,NA,NA,NA,NA
"4d7Aw10mO4gS",0,3.8,NA,NA,NA,NA,NA,NA,NA,NA,NA,NA,NA,NA,NA,NA,NA,NA,NA,NA,NA,NA,NA
"4LGvKdUoGInX",0,3.4,NA,NA,NA,NA,NA,NA,NA,NA,NA,NA,NA,NA,NA,NA,NA,NA,NA,NA,NA,NA,NA
"4lXqTpQPrqLy",1,5.2,NA,NA,NA,NA,NA,NA,NA,NA,NA,NA,NA,NA,NA,NA,NA,NA,NA,4.1,3,3.5,2.5
"4XkC1pmmC3da",1,4,4.61111111111111,4.57894736842105,4.66666666666667,4,4.33333333333333,5,5,4.66666666666667,4.33333333333333,5.33333333333333,4.53846153846154,4.5,4.33333333333333,4.66666666666667,4.83333333333333,4.83333333333333,3,3.9,3,3.5,3
"4zUNrvHArj8p",1,NA,NA,NA,NA,NA,NA,NA,NA,NA,NA,NA,NA,NA,NA,NA,NA,NA,NA,NA,NA,NA,NA
"5b9A8MneYNn4",1,3.2,NA,NA,NA,NA,NA,NA,NA,NA,NA,NA,NA,NA,NA,NA,NA,NA,NA,3.4,2,1.5,4.5
"5cLcNlyqC1uW",0,3,3.72222222222222,3.42105263157895,4.33333333333333,4,4,4,2.66666666666667,3.33333333333333,3.66666666666667,3.66666666666667,3.15384615384615,4.08333333333333,4.16666666666667,4,3,3.66666666666667,4,NA,NA,NA,NA
"5ddy9Vf7z3dv",0,2.4,NA,NA,NA,NA,NA,NA,NA,NA,NA,NA,NA,NA,NA,NA,NA,NA,NA,2.8,4,3,4
"5i95xDW0GMMf",1,3.4,NA,NA,NA,NA,NA,NA,NA,NA,NA,NA,NA,NA,NA,NA,NA,NA,NA,NA,NA,NA,NA
"5njZGXwyCinL",1,NA,NA,NA,NA,NA,NA,NA,NA,NA,NA,NA,NA,NA,NA,NA,NA,NA,NA,NA,NA,NA,NA
"5PuYzICNJHiL",1,3.4,NA,NA,NA,NA,NA,NA,NA,NA,NA,NA,NA,NA,NA,NA,NA,NA,NA,NA,NA,NA,NA
"5qOQ6xzoJiVO",0,3.4,3.66666666666667,4.15789473684211,2,3.33333333333333,2,6.66666666666667,2.33333333333333,5.66666666666667,2.66666666666667,6.66666666666667,4.07692307692308,3.5,2.66666666666667,4.33333333333333,4,4.66666666666667,5,3.4,3,1,5
"5XxU8mPcnEr3",1,3.8,3.72222222222222,3.94736842105263,4.33333333333333,2.33333333333333,2.66666666666667,3.33333333333333,5,4.66666666666667,4.66666666666667,4.33333333333333,4.38461538461539,3.16666666666667,3.33333333333333,3,4.83333333333333,4.5,1,4.1,3.5,3,3
"5XxU8mPcnEr3",1,4.2,3.72222222222222,3.94736842105263,4.33333333333333,2.33333333333333,2.66666666666667,3.33333333333333,5,4.66666666666667,4.66666666666667,4.33333333333333,4.38461538461539,3.16666666666667,3.33333333333333,3,4.83333333333333,4.5,1,4.1,3.5,3,3
"5YKK6vjjBzow",0,2,NA,NA,NA,NA,NA,NA,NA,NA,NA,NA,NA,NA,NA,NA,NA,NA,NA,3.1,3,4,3.5
"62XIHMEMunaa",1,NA,NA,NA,NA,NA,NA,NA,NA,NA,NA,NA,NA,NA,NA,NA,NA,NA,NA,NA,NA,NA,NA
"67S6o42MUsGK",0,NA,NA,NA,NA,NA,NA,NA,NA,NA,NA,NA,NA,NA,NA,NA,NA,NA,NA,NA,NA,NA,NA
"6AvmPEEeps8t",1,NA,NA,NA,NA,NA,NA,NA,NA,NA,NA,NA,NA,NA,NA,NA,NA,NA,NA,NA,NA,NA,NA
"6bs84OdDTx0j",0,4,3.38888888888889,3.52631578947368,3.33333333333333,3,3,3,4,4,4,4,3.76923076923077,3.08333333333333,3.16666666666667,3,4,4,4,3.3,3,2.5,3
"6cWKlSNHdYxQ",0,5,4.05555555555556,3.78947368421053,5.66666666666667,2.66666666666667,4.33333333333333,3.33333333333333,4,4.33333333333333,3.66666666666667,4,3.76923076923077,4,4.16666666666667,3.83333333333333,4.16666666666667,3.83333333333333,3,NA,NA,NA,NA
"6NMQTMp8uB13",1,3.2,NA,NA,NA,NA,NA,NA,NA,NA,NA,NA,NA,NA,NA,NA,NA,NA,NA,3.7,3.5,1,5
"6nxk52EFbz6m",1,5,4.88888888888889,4,6.66666666666667,4.33333333333333,5.33333333333333,2,6,5,4.66666666666667,2,4.15384615384615,4.58333333333333,5.5,3.66666666666667,5.5,3.33333333333333,3,4.8,4,4,2.5
"6S0codGEuLIM",0,4.6,3.44444444444444,3.47368421052632,3.66666666666667,3.33333333333333,2.66666666666667,3,4,4,4,4,3.76923076923077,3.16666666666667,3.5,2.83333333333333,4,4,5,2.6,3.5,3.5,3
"71IDMOvAdWoY",0,4.2,NA,NA,NA,NA,NA,NA,NA,NA,NA,NA,NA,NA,NA,NA,NA,NA,NA,NA,NA,NA,NA
"76cA3SFUDohP",1,5,4.5,4.73684210526316,2.66666666666667,5.66666666666667,3,6,3.66666666666667,6,5.66666666666667,5.33333333333333,4.84615384615385,4.33333333333333,4.16666666666667,4.5,4.83333333333333,5.5,4,5,1,1,4.5
"7B9VyDumWUfT",1,4.6,NA,NA,NA,NA,NA,NA,NA,NA,NA,NA,NA,NA,NA,NA,NA,NA,NA,NA,NA,NA,NA
"7DJ1g1WbkyzF",0,3.8,NA,NA,NA,NA,NA,NA,NA,NA,NA,NA,NA,NA,NA,NA,NA,NA,NA,NA,NA,NA,NA
"7GobHggaYVIk",1,NA,NA,NA,NA,NA,NA,NA,NA,NA,NA,NA,NA,NA,NA,NA,NA,NA,NA,NA,NA,NA,NA
"7Ohkb5bdnrP4",0,NA,NA,NA,NA,NA,NA,NA,NA,NA,NA,NA,NA,NA,NA,NA,NA,NA,NA,NA,NA,NA,NA
"87efapwRhqzX",1,4.2,NA,NA,NA,NA,NA,NA,NA,NA,NA,NA,NA,NA,NA,NA,NA,NA,NA,3.8,4.5,3.5,2
"8eeyZaMD5g43",0,NA,NA,NA,NA,NA,NA,NA,NA,NA,NA,NA,NA,NA,NA,NA,NA,NA,NA,NA,NA,NA,NA
"8egcl6O2mubo",1,3,NA,NA,NA,NA,NA,NA,NA,NA,NA,NA,NA,NA,NA,NA,NA,NA,NA,3,3.5,3,3
"8I7VIfl0ML93",0,NA,NA,NA,NA,NA,NA,NA,NA,NA,NA,NA,NA,NA,NA,NA,NA,NA,NA,NA,NA,NA,NA
"8IAdujTsj7C2",0,3.4,NA,NA,NA,NA,NA,NA,NA,NA,NA,NA,NA,NA,NA,NA,NA,NA,NA,3.2,3.5,2,3
"8oU2fOBjdMo0",0,NA,NA,NA,NA,NA,NA,NA,NA,NA,NA,NA,NA,NA,NA,NA,NA,NA,NA,NA,NA,NA,NA
"8vPcww1oMPfw",0,3,NA,NA,NA,NA,NA,NA,NA,NA,NA,NA,NA,NA,NA,NA,NA,NA,NA,3.3,4,3.5,3
"96lfhD26zvy1",0,4,3.16666666666667,3.05263157894737,1.33333333333333,5.33333333333333,1.33333333333333,4,1.66666666666667,5.33333333333333,3,3.66666666666667,3.23076923076923,3,3.33333333333333,2.66666666666667,3.5,3.33333333333333,4,2.8,3,1,5
"9DGTT79iKFAJ",1,3.6,4.11111111111111,3.73684210526316,4.66666666666667,4,3.33333333333333,2.66666666666667,5,5,4,3.33333333333333,4.07692307692308,3.66666666666667,4.33333333333333,3,5,3.66666666666667,3,3.4,5,3.5,2
"9JzwCi2GvQJH",1,5,5.5,4.84210526315789,5.33333333333333,6,5.66666666666667,6.66666666666667,4,5.33333333333333,3.33333333333333,5.33333333333333,4.23076923076923,5.91666666666667,5.66666666666667,6.16666666666667,4.66666666666667,4.33333333333333,5,3.2,4,1,4.5
"9nfBreAmmILZ",1,5.2,NA,NA,NA,NA,NA,NA,NA,NA,NA,NA,NA,NA,NA,NA,NA,NA,NA,NA,NA,NA,NA
"9u5li8IrAC9q",0,4.8,3.88888888888889,4.21052631578947,2.66666666666667,4.66666666666667,3,5.66666666666667,3.66666666666667,3.66666666666667,4.66666666666667,5.66666666666667,4.15384615384615,4,3.66666666666667,4.33333333333333,3.66666666666667,5.16666666666667,3,3.4,2,1,4
"9wyZV50dyY46",0,4,3.83333333333333,3.57894736842105,3.66666666666667,4.66666666666667,3,3.66666666666667,3.33333333333333,4.66666666666667,4,3.66666666666667,3.69230769230769,3.75,4.16666666666667,3.33333333333333,4,3.83333333333333,3,3.5,3.5,1,5
"9YftZQKjcC83",0,3.8,4.33333333333333,4.15789473684211,6,3.66666666666667,3.33333333333333,3.66666666666667,5,4.33333333333333,5,4.66666666666667,4.46153846153846,4.16666666666667,4.83333333333333,3.5,4.66666666666667,4.83333333333333,4,3,3,3.5,3
"9Yq2zr6YsKnZ",0,NA,NA,NA,NA,NA,NA,NA,NA,NA,NA,NA,NA,NA,NA,NA,NA,NA,NA,NA,NA,NA,NA
"A5hRVXUj3Y35",0,4,3.72222222222222,3.10526315789474,4,4.66666666666667,3,3.33333333333333,3,4.33333333333333,3,2.66666666666667,3.07692307692308,3.75,4.33333333333333,3.16666666666667,3.66666666666667,2.83333333333333,5,3.4,3,2.5,4.5
"aa8LT1EMBS5f",0,4,4.05555555555556,3.73684210526316,5,4,3.66666666666667,3.66666666666667,4,4,4,4,3.76923076923077,4.08333333333333,4.5,3.66666666666667,4,4,5,2.9,3,3,3
"AdPV1jwxMArS",0,NA,NA,NA,NA,NA,NA,NA,NA,NA,NA,NA,NA,NA,NA,NA,NA,NA,NA,NA,NA,NA,NA
"AgDOXqaNL9CL",0,4,4.44444444444444,4.15789473684211,5,4.66666666666667,3.33333333333333,4.66666666666667,4.33333333333333,4.66666666666667,5,4,4.23076923076923,4.41666666666667,4.83333333333333,4,4.5,4.5,3,3.1,3.5,3,3
"aGMHyvDYopAO",0,NA,NA,NA,NA,NA,NA,NA,NA,NA,NA,NA,NA,NA,NA,NA,NA,NA,NA,NA,NA,NA,NA
"AgmW9KWDbuKd",0,NA,NA,NA,NA,NA,NA,NA,NA,NA,NA,NA,NA,NA,NA,NA,NA,NA,NA,NA,NA,NA,NA
"AJZnFNwvGR81",0,4,NA,NA,NA,NA,NA,NA,NA,NA,NA,NA,NA,NA,NA,NA,NA,NA,NA,3,3,3,4.5
"AKGkhfeeRgzl",0,5.4,NA,NA,NA,NA,NA,NA,NA,NA,NA,NA,NA,NA,NA,NA,NA,NA,NA,3.9,2.5,3,4.5
"aKSrQJy9pPl1",0,4,NA,NA,NA,NA,NA,NA,NA,NA,NA,NA,NA,NA,NA,NA,NA,NA,NA,3.2,3.5,4,3
"AmyVYPotspuH",1,3.4,NA,NA,NA,NA,NA,NA,NA,NA,NA,NA,NA,NA,NA,NA,NA,NA,NA,NA,NA,NA,NA
"aoZpsD1zxNyu",0,4,NA,NA,NA,NA,NA,NA,NA,NA,NA,NA,NA,NA,NA,NA,NA,NA,NA,NA,NA,NA,NA
"AtqCi8aQclUo",0,4.6,NA,NA,NA,NA,NA,NA,NA,NA,NA,NA,NA,NA,NA,NA,NA,NA,NA,3.4,4,2.5,3.5
"auWjIxNDvFaN",1,4.8,2.72222222222222,2.68421052631579,3.66666666666667,3,3,2.33333333333333,1.66666666666667,2.66666666666667,3.33333333333333,3.66666666666667,2.69230769230769,3,3.33333333333333,2.66666666666667,2.16666666666667,3.5,2,NA,NA,NA,NA
"b3mIffvcm7Sn",1,NA,NA,NA,NA,NA,NA,NA,NA,NA,NA,NA,NA,NA,NA,NA,NA,NA,NA,NA,NA,NA,NA
"b4UFCuqtw1h9",0,NA,NA,NA,NA,NA,NA,NA,NA,NA,NA,NA,NA,NA,NA,NA,NA,NA,NA,NA,NA,NA,NA
"b6YPGKWFkZqa",1,4,3.83333333333333,3.68421052631579,4.66666666666667,3.66666666666667,2.66666666666667,4.33333333333333,3,4.66666666666667,4,4.33333333333333,3.76923076923077,3.83333333333333,4.16666666666667,3.5,3.83333333333333,4.16666666666667,5,3.3,3,2.5,3.5
"b7oj6PrqrvYk",0,NA,NA,NA,NA,NA,NA,NA,NA,NA,NA,NA,NA,NA,NA,NA,NA,NA,NA,NA,NA,NA,NA
"b8ibYYLkNqi6",1,4.8,4.44444444444444,3.68421052631579,5,5.33333333333333,4.66666666666667,3.33333333333333,3,5.33333333333333,5,1.66666666666667,3.53846153846154,4.58333333333333,5.16666666666667,4,4.16666666666667,3.33333333333333,4,NA,NA,NA,NA
"b8XUWTKXSIM1",0,3.4,4.11111111111111,3.73684210526316,4,4.66666666666667,4,3.66666666666667,4,4.33333333333333,4,3.33333333333333,3.69230769230769,4.08333333333333,4.33333333333333,3.83333333333333,4.16666666666667,3.66666666666667,4,3.1,3,3,3
"B9k0XMnLrZ10",0,2,NA,NA,NA,NA,NA,NA,NA,NA,NA,NA,NA,NA,NA,NA,NA,NA,NA,NA,NA,NA,NA
"bBdRjDEm9n6t",0,NA,NA,NA,NA,NA,NA,NA,NA,NA,NA,NA,NA,NA,NA,NA,NA,NA,NA,NA,NA,NA,NA
"BEdny1Th9cre",1,NA,NA,NA,NA,NA,NA,NA,NA,NA,NA,NA,NA,NA,NA,NA,NA,NA,NA,NA,NA,NA,NA
"BEhg09rhdV3R",1,3.4,NA,NA,NA,NA,NA,NA,NA,NA,NA,NA,NA,NA,NA,NA,NA,NA,NA,NA,NA,NA,NA
"BI2h4LTI480Q",0,NA,NA,NA,NA,NA,NA,NA,NA,NA,NA,NA,NA,NA,NA,NA,NA,NA,NA,3.1,4,2.5,3.5
"bJOIIu8x6Gzo",0,4.8,NA,NA,NA,NA,NA,NA,NA,NA,NA,NA,NA,NA,NA,NA,NA,NA,NA,NA,NA,NA,NA
"bKCRSci93wsh",1,NA,NA,NA,NA,NA,NA,NA,NA,NA,NA,NA,NA,NA,NA,NA,NA,NA,NA,NA,NA,NA,NA
"bKH8V6eOeQPk",1,3,NA,NA,NA,NA,NA,NA,NA,NA,NA,NA,NA,NA,NA,NA,NA,NA,NA,3.3,4,4,4
"BMiLPzQ3VGWo",0,NA,NA,NA,NA,NA,NA,NA,NA,NA,NA,NA,NA,NA,NA,NA,NA,NA,NA,NA,NA,NA,NA
"BmwScT4Dt3oS",1,2.8,3.94444444444444,3.68421052631579,4,6,3,4,2.66666666666667,4,4.66666666666667,4.66666666666667,3.76923076923077,4.25,5,3.5,3.33333333333333,4.66666666666667,3,NA,NA,NA,NA
"bNTzdQgex2sd",0,5,5.33333333333333,4.78947368421053,6,5.66666666666667,5,5,5.33333333333333,5,5,4.66666666666667,4.69230769230769,5.41666666666667,5.83333333333333,5,5.16666666666667,4.83333333333333,5,3.2,3,3.5,3.5
"BNyQMYeZr2wO",1,NA,NA,NA,NA,NA,NA,NA,NA,NA,NA,NA,NA,NA,NA,NA,NA,NA,NA,NA,NA,NA,NA
"BpfsgHBfObeI",1,1,1,1,1,1,1,1,1,1,1,1,1,1,1,1,1,1,4,3.8,2,3,4
"BRCN85SldfkZ",1,NA,NA,NA,NA,NA,NA,NA,NA,NA,NA,NA,NA,NA,NA,NA,NA,NA,NA,NA,NA,NA,NA
"bRtHrL51Evar",0,3.6,4.5,3.84210526315789,5.66666666666667,4,4,3.33333333333333,5.66666666666667,4.33333333333333,3.66666666666667,3,3.92307692307692,4.25,4.83333333333333,3.66666666666667,5,3.33333333333333,4,3.1,4.5,4,3
"BSLR7aosefFJ",0,NA,3.83333333333333,3.21052631578947,3,5,4,4,3,4,3,2,2.84615384615385,4,4,4,3.5,2.5,4,3.4,3,2.5,4
"bUjgYAo4Az7O",1,4.2,5.44444444444444,5.05263157894737,5,6,5,6,5,5.66666666666667,4.33333333333333,5.66666666666667,4.84615384615385,5.5,5.5,5.5,5.33333333333333,5,4,NA,NA,NA,NA
"bUkzGkcvUfwf",1,3.6,4.05555555555556,3.84210526315789,4,4.66666666666667,4,3.66666666666667,3.66666666666667,4.33333333333333,4.33333333333333,4,3.84615384615385,4.08333333333333,4.33333333333333,3.83333333333333,4,4.16666666666667,3,3.8,4.5,4.5,3.5
"buXFyy75SgaZ",0,NA,NA,NA,NA,NA,NA,NA,NA,NA,NA,NA,NA,NA,NA,NA,NA,NA,NA,NA,NA,NA,NA
"cbfxpJqo3rmi",1,NA,NA,NA,NA,NA,NA,NA,NA,NA,NA,NA,NA,NA,NA,NA,NA,NA,NA,NA,NA,NA,NA
"cBLzrWritiPQ",0,3.8,NA,NA,NA,NA,NA,NA,NA,NA,NA,NA,NA,NA,NA,NA,NA,NA,NA,3.6,3.5,4,3.5
"cIlxDEJZstdL",0,3.6,5.83333333333333,5.15789473684211,6.33333333333333,6.66666666666667,5.33333333333333,6.66666666666667,4,6,4,6.33333333333333,4.76923076923077,6.25,6.5,6,5,5.16666666666667,4,2.8,2,5,4
"CJD7oNJdubcM",1,5,5.11111111111111,4.42105263157895,7,4,5.66666666666667,3,6.33333333333333,4.66666666666667,4.33333333333333,3.66666666666667,4.46153846153846,4.91666666666667,5.5,4.33333333333333,5.5,4,3,4.7,3,3.5,4
"cl69uxwd1kvL",1,4,4.27777777777778,3.84210526315789,4.66666666666667,4.33333333333333,4,4.66666666666667,4,4,3,4.33333333333333,3.61538461538462,4.41666666666667,4.5,4.33333333333333,4,3.66666666666667,5,3.5,3,3,2.5
"CobYolFPgEDT",0,4.2,3.94444444444444,4,4,4,4.66666666666667,4,3.33333333333333,3.66666666666667,5,4.33333333333333,3.84615384615385,4.16666666666667,4,4.33333333333333,3.5,4.66666666666667,2,3.1,4,3,4
"CpRGkTub6TBm",1,NA,NA,NA,NA,NA,NA,NA,NA,NA,NA,NA,NA,NA,NA,NA,NA,NA,NA,NA,NA,NA,NA
"CTJKDiJblSnU",0,4.8,4.11111111111111,4.15789473684211,1,6.66666666666667,2,7,1,7,2,7,4,4.16666666666667,3.83333333333333,4.5,4,4.5,3,2.4,2,1,5
"CwlYQFXc56FG",1,5.2,4.33333333333333,3.68421052631579,5.33333333333333,4,4,3,5,4.66666666666667,4.33333333333333,2,3.76923076923077,4.08333333333333,4.66666666666667,3.5,4.83333333333333,3.16666666666667,3,NA,NA,NA,NA
"cyEOWZtrzhFn",0,NA,NA,NA,NA,NA,NA,NA,NA,NA,NA,NA,NA,NA,NA,NA,NA,NA,NA,NA,NA,NA,NA
"d7HTarQHnTy6",0,NA,NA,NA,NA,NA,NA,NA,NA,NA,NA,NA,NA,NA,NA,NA,NA,NA,NA,NA,NA,NA,NA
"d8aiYJsasNJD",0,3.2,3.44444444444444,3.52631578947368,3.33333333333333,2.66666666666667,3.66666666666667,3.66666666666667,3.66666666666667,3.66666666666667,3.66666666666667,3.66666666666667,3.46153846153846,3.33333333333333,3,3.66666666666667,3.66666666666667,3.66666666666667,4,2.4,4.5,4,3.5
"d9JNBLIXlPwU",1,4.6,3.66666666666667,3.94736842105263,3.66666666666667,4,3.33333333333333,5.33333333333333,2,3.66666666666667,5,5.33333333333333,3.76923076923077,4.08333333333333,3.83333333333333,4.33333333333333,2.83333333333333,5.16666666666667,4,3.1,3,1,5
"dBK4tNIhyb2U",1,2.4,NA,NA,NA,NA,NA,NA,NA,NA,NA,NA,NA,NA,NA,NA,NA,NA,NA,NA,NA,NA,NA
"DeyM4lln3416",0,3.8,2.94444444444444,3.52631578947368,1,3.66666666666667,2,7,1.33333333333333,2.66666666666667,2,7,3.07692307692308,3.41666666666667,2.33333333333333,4.5,2,4.5,4,NA,NA,NA,NA
"dgokudyRim5n",1,3.6,NA,NA,NA,NA,NA,NA,NA,NA,NA,NA,NA,NA,NA,NA,NA,NA,NA,NA,NA,NA,NA
"diIyoeUYBKoU",1,3.6,NA,NA,NA,NA,NA,NA,NA,NA,NA,NA,NA,NA,NA,NA,NA,NA,NA,3,3,3,3
"DknCLFpcfHq4",0,NA,NA,NA,NA,NA,NA,NA,NA,NA,NA,NA,NA,NA,NA,NA,NA,NA,NA,NA,NA,NA,NA
"doWlMxGyRMOM",1,3,NA,NA,NA,NA,NA,NA,NA,NA,NA,NA,NA,NA,NA,NA,NA,NA,NA,3.2,4,4,3.5
"DUzn5QBUEvCG",0,3.4,NA,NA,NA,NA,NA,NA,NA,NA,NA,NA,NA,NA,NA,NA,NA,NA,NA,3.4,3,3,3
"DVWWflcNRhZJ",1,4,5.44444444444444,5,6,5,4.66666666666667,4.33333333333333,6.33333333333333,6.33333333333333,5,4.66666666666667,5.23076923076923,5,5.5,4.5,6.33333333333333,4.83333333333333,5,4.3,5,4.5,3
"DwCD7JN6ZsDc",0,2.6,NA,NA,NA,NA,NA,NA,NA,NA,NA,NA,NA,NA,NA,NA,NA,NA,NA,3,3,3,3
"DWOclhSyBpM0",0,2.8,3.77777777777778,4.10526315789474,1.66666666666667,5,3,7,1,5,2.66666666666667,7,3.69230769230769,4.16666666666667,3.33333333333333,5,3,4.83333333333333,1,NA,NA,NA,NA
"Dy9Kv9PWLumE",0,3.4,NA,NA,NA,NA,NA,NA,NA,NA,NA,NA,NA,NA,NA,NA,NA,NA,NA,NA,NA,NA,NA
"eAutWS1XmYQt",1,3.6,3.16666666666667,2.47368421052632,5.33333333333333,2.33333333333333,1.33333333333333,1,5,4,2.33333333333333,1.66666666666667,3.07692307692308,2.5,3.83333333333333,1.16666666666667,4.5,2,3,NA,NA,NA,NA
"ebCU5oi0xNeE",1,NA,NA,NA,NA,NA,NA,NA,NA,NA,NA,NA,NA,NA,NA,NA,NA,NA,NA,NA,NA,NA,NA
"EF1t3tD58iki",0,1.8,NA,NA,NA,NA,NA,NA,NA,NA,NA,NA,NA,NA,NA,NA,NA,NA,NA,NA,NA,NA,NA
"eG3ZvAEElGL2",1,NA,NA,NA,NA,NA,NA,NA,NA,NA,NA,NA,NA,NA,NA,NA,NA,NA,NA,NA,NA,NA,NA
"EhcCTZR5BwLu",1,NA,NA,NA,NA,NA,NA,NA,NA,NA,NA,NA,NA,NA,NA,NA,NA,NA,NA,NA,NA,NA,NA
"ehRl35xsEZYS",1,5.2,5.22222222222222,4.78947368421053,5.66666666666667,5.66666666666667,5.33333333333333,4.33333333333333,5,5.33333333333333,5.33333333333333,4.66666666666667,4.76923076923077,5.25,5.66666666666667,4.83333333333333,5.16666666666667,5,5,3.3,3.5,4,3.5
"ejPIqG9GaRgW",1,4,3.72222222222222,3.78947368421053,3.66666666666667,3.66666666666667,4,4,3.66666666666667,3.33333333333333,4.33333333333333,4.33333333333333,3.69230769230769,3.83333333333333,3.66666666666667,4,3.5,4.33333333333333,5,3.2,3,3.5,3.5
"EJYSWwmFKZ8y",1,3.4,3.66666666666667,3.47368421052632,4.33333333333333,2.33333333333333,4.33333333333333,2,6,3,4.33333333333333,2,3.61538461538462,3.25,3.33333333333333,3.16666666666667,4.5,3.16666666666667,5,3.6,4,4,2
"eKq1hfeRZ39d",0,3.2,NA,NA,NA,NA,NA,NA,NA,NA,NA,NA,NA,NA,NA,NA,NA,NA,NA,NA,NA,NA,NA
"EkSU4KEM3Sh4",1,4.4,NA,NA,NA,NA,NA,NA,NA,NA,NA,NA,NA,NA,NA,NA,NA,NA,NA,NA,NA,NA,NA
"EnU6pba2Vpgj",1,4.4,4.27777777777778,4.05263157894737,4.66666666666667,4,4,4,4.66666666666667,4.33333333333333,4.33333333333333,4,4.07692307692308,4.16666666666667,4.33333333333333,4,4.5,4.16666666666667,4,3.9,5,4,2
"Eo7LG7FIxe3p",0,NA,NA,NA,NA,NA,NA,NA,NA,NA,NA,NA,NA,NA,NA,NA,NA,NA,NA,NA,NA,NA,NA
"ePlrWRyQzAXb",0,NA,4.05555555555556,4,4.33333333333333,4,4,4,4,4,4.66666666666667,4.33333333333333,4,4.08333333333333,4.16666666666667,4,4,4.5,2,3,4,3,2.5
"eQCZONRjNhkb",0,4.8,NA,NA,NA,NA,NA,NA,NA,NA,NA,NA,NA,NA,NA,NA,NA,NA,NA,3.5,3.5,1,4.5
"ErYRPzLEtZzY",1,4.6,4.11111111111111,3.63157894736842,4.66666666666667,4.33333333333333,4,4,3.66666666666667,4,3.66666666666667,3.33333333333333,3.46153846153846,4.25,4.5,4,3.83333333333333,3.5,5,3.1,3,4,2.5
"EsC3bfIpfxeS",1,3,NA,NA,NA,NA,NA,NA,NA,NA,NA,NA,NA,NA,NA,NA,NA,NA,NA,4,5,4,2.5
"eVFUzCd97yl2",1,4.4,NA,NA,NA,NA,NA,NA,NA,NA,NA,NA,NA,NA,NA,NA,NA,NA,NA,NA,NA,NA,NA
"eVPB0ZD58ZKB",0,NA,NA,NA,NA,NA,NA,NA,NA,NA,NA,NA,NA,NA,NA,NA,NA,NA,NA,3,4,3.5,2
"ewWixeonDW1N",0,3.8,4.11111111111111,4.15789473684211,4,5,3.66666666666667,4.66666666666667,3.66666666666667,3.66666666666667,5,5.33333333333333,4.15384615384615,4.33333333333333,4.5,4.16666666666667,3.66666666666667,5.16666666666667,4,3.2,3,2,4
"eYhqbSuRJt2a",1,3,NA,NA,NA,NA,NA,NA,NA,NA,NA,NA,NA,NA,NA,NA,NA,NA,NA,3,3,3,3
"F6IGGfTcZbFm",1,NA,NA,NA,NA,NA,NA,NA,NA,NA,NA,NA,NA,NA,NA,NA,NA,NA,NA,NA,NA,NA,NA
"FdaX1rAuskhl",1,NA,NA,NA,NA,NA,NA,NA,NA,NA,NA,NA,NA,NA,NA,NA,NA,NA,NA,2.4,2,1,5
"FdEaRxRnUS3F",1,4.4,NA,NA,NA,NA,NA,NA,NA,NA,NA,NA,NA,NA,NA,NA,NA,NA,NA,3.5,2.5,2.5,4
"FDt7MmBcnybI",0,NA,NA,NA,NA,NA,NA,NA,NA,NA,NA,NA,NA,NA,NA,NA,NA,NA,NA,NA,NA,NA,NA
"fDZL6quZgtqi",0,4,NA,NA,NA,NA,NA,NA,NA,NA,NA,NA,NA,NA,NA,NA,NA,NA,NA,2.7,4,1,2
"fHvWivrsEsER",1,4.2,4.22222222222222,4.05263157894737,5,4.66666666666667,3,3.66666666666667,4.33333333333333,4.66666666666667,4.66666666666667,5,4.38461538461539,4.08333333333333,4.83333333333333,3.33333333333333,4.5,4.83333333333333,4,4.1,4,4,2
"fIVfNv7zfjFs",0,2.6,NA,NA,NA,NA,NA,NA,NA,NA,NA,NA,NA,NA,NA,NA,NA,NA,NA,NA,NA,NA,NA
"FJ8SS5vTBTKt",1,3.6,1,1,1,1,1,1,1,1,1,1,1,1,1,1,1,1,4,3.8,4,2,5
"FK6xj4TTmVKB",0,4.4,NA,NA,NA,NA,NA,NA,NA,NA,NA,NA,NA,NA,NA,NA,NA,NA,NA,2.7,1,1,5
"fKKOfy617pQz",1,5.2,3.5,3.63157894736842,2.33333333333333,3.66666666666667,3,5,2.66666666666667,4.33333333333333,2.66666666666667,5,3.46153846153846,3.5,3,4,3.5,3.83333333333333,2,3.1,4,2,4.5
"FmcPKi7QpXMz",1,5,3.66666666666667,3.26315789473684,5,3.33333333333333,5,2,4.66666666666667,2,5,1.66666666666667,3.15384615384615,3.83333333333333,4.16666666666667,3.5,3.33333333333333,3.33333333333333,3,3.3,4.5,4,3.5
"FqDl35OO0BiL",1,5.2,5.33333333333333,4.68421052631579,6.33333333333333,6,4,3.33333333333333,6,6.33333333333333,4.66666666666667,5,5.15384615384615,4.91666666666667,6.16666666666667,3.66666666666667,6.16666666666667,4.83333333333333,1,4.1,3.5,4,4
"ftxVO6oDVkEf",1,5,NA,NA,NA,NA,NA,NA,NA,NA,NA,NA,NA,NA,NA,NA,NA,NA,NA,3.6,3,1,5
"fUjkRCvfRPJ0",0,3.4,NA,NA,NA,NA,NA,NA,NA,NA,NA,NA,NA,NA,NA,NA,NA,NA,NA,3.6,4,4,3
"Fzl4YmYy7SAa",0,3.2,NA,NA,NA,NA,NA,NA,NA,NA,NA,NA,NA,NA,NA,NA,NA,NA,NA,2.9,3,3,3.5
"G2mPRtddXaev",0,NA,NA,NA,NA,NA,NA,NA,NA,NA,NA,NA,NA,NA,NA,NA,NA,NA,NA,NA,NA,NA,NA
"G8WKZGR7aSHM",1,NA,NA,NA,NA,NA,NA,NA,NA,NA,NA,NA,NA,NA,NA,NA,NA,NA,NA,NA,NA,NA,NA
"gcrmyEu0f93W",0,3.8,NA,NA,NA,NA,NA,NA,NA,NA,NA,NA,NA,NA,NA,NA,NA,NA,NA,NA,NA,NA,NA
"gdF9eVfavXvp",0,NA,NA,NA,NA,NA,NA,NA,NA,NA,NA,NA,NA,NA,NA,NA,NA,NA,NA,NA,NA,NA,NA
"GfcJfJk579oN",0,3.8,NA,NA,NA,NA,NA,NA,NA,NA,NA,NA,NA,NA,NA,NA,NA,NA,NA,3.4,3,2,3
"gGXUFb3vRpNj",0,3.6,NA,NA,NA,NA,NA,NA,NA,NA,NA,NA,NA,NA,NA,NA,NA,NA,NA,3.2,3.5,3,3
"ghMGBNuxnFTv",0,NA,NA,NA,NA,NA,NA,NA,NA,NA,NA,NA,NA,NA,NA,NA,NA,NA,NA,NA,NA,NA,NA
"GhWfihqoVEJx",1,4.6,NA,NA,NA,NA,NA,NA,NA,NA,NA,NA,NA,NA,NA,NA,NA,NA,NA,NA,NA,NA,NA
"GpPEcBixYB6C",1,3.4,NA,NA,NA,NA,NA,NA,NA,NA,NA,NA,NA,NA,NA,NA,NA,NA,NA,NA,NA,NA,NA
"grlxk72bmGwD",0,5.2,NA,NA,NA,NA,NA,NA,NA,NA,NA,NA,NA,NA,NA,NA,NA,NA,NA,2.9,4,3.5,4
"GrPmxJrKkJgx",1,NA,NA,NA,NA,NA,NA,NA,NA,NA,NA,NA,NA,NA,NA,NA,NA,NA,NA,NA,NA,NA,NA
"GsqSeB87eml9",1,4.2,4.38888888888889,3.84210526315789,5.33333333333333,6,2.66666666666667,3,4,5.33333333333333,5.33333333333333,3.66666666666667,4.30769230769231,4.25,5.66666666666667,2.83333333333333,4.66666666666667,4.5,4,4.3,4,3,1
"gTje4ilXHgpr",0,NA,NA,NA,NA,NA,NA,NA,NA,NA,NA,NA,NA,NA,NA,NA,NA,NA,NA,NA,NA,NA,NA
"GzpeQz8Th8mn",0,5.6,NA,NA,NA,NA,NA,NA,NA,NA,NA,NA,NA,NA,NA,NA,NA,NA,NA,NA,NA,NA,NA
"H51ZarwAP1Ly",1,6,NA,NA,NA,NA,NA,NA,NA,NA,NA,NA,NA,NA,NA,NA,NA,NA,NA,5,2,1,5
"H51ZarwAP1Ly",1,6,NA,NA,NA,NA,NA,NA,NA,NA,NA,NA,NA,NA,NA,NA,NA,NA,NA,4.1,3,1,4.5
"h624KFFqymcH",0,5,NA,NA,NA,NA,NA,NA,NA,NA,NA,NA,NA,NA,NA,NA,NA,NA,NA,4.8,1,3,5
"HACoAEEIoNSk",1,4,NA,NA,NA,NA,NA,NA,NA,NA,NA,NA,NA,NA,NA,NA,NA,NA,NA,NA,NA,NA,NA
"HeJWsvNAW70M",0,NA,3.83333333333333,3.52631578947368,6.33333333333333,2.33333333333333,4.33333333333333,2,6,2,5.66666666666667,2,3.69230769230769,3.75,4.33333333333333,3.16666666666667,4,3.83333333333333,3,3.8,3,4,2
"hJK6Hl5bJspC",1,3,2.72222222222222,3.36842105263158,2.33333333333333,3,1.33333333333333,5.33333333333333,1.33333333333333,3,3,7,3.38461538461538,3,2.66666666666667,3.33333333333333,2.16666666666667,5,5,3,3,3,3
"HMe2f2gbBsGv",1,NA,5.05555555555556,4.36842105263158,7,5.33333333333333,5,2.33333333333333,5.66666666666667,5,5.33333333333333,4,4.69230769230769,4.91666666666667,6.16666666666667,3.66666666666667,5.33333333333333,4.66666666666667,3,3.5,5,5,1.5
"HrQgs1bBweFl",0,6,NA,NA,NA,NA,NA,NA,NA,NA,NA,NA,NA,NA,NA,NA,NA,NA,NA,3.2,2,1,5
"HsH1eTd76xCk",1,NA,NA,NA,NA,NA,NA,NA,NA,NA,NA,NA,NA,NA,NA,NA,NA,NA,NA,NA,NA,NA,NA
"hW4S7bnlCYmz",0,4.2,3,2.57894736842105,4,3,3.33333333333333,3.33333333333333,2.66666666666667,1.66666666666667,3,2,2.23076923076923,3.41666666666667,3.5,3.33333333333333,2.16666666666667,2.5,3,2.4,1.5,1,4
"hxmzzFwqqzOb",0,NA,NA,NA,NA,NA,NA,NA,NA,NA,NA,NA,NA,NA,NA,NA,NA,NA,NA,NA,NA,NA,NA
"HZya8mSXrk7B",0,3.8,3.77777777777778,3.26315789473684,3.33333333333333,5,3.33333333333333,4,3.33333333333333,3.66666666666667,2.33333333333333,3.66666666666667,3.07692307692308,3.91666666666667,4.16666666666667,3.66666666666667,3.5,3,4,4,3.5,2,4.5
"I2v5hyUT3vPd",1,4,NA,NA,NA,NA,NA,NA,NA,NA,NA,NA,NA,NA,NA,NA,NA,NA,NA,3,3,3,3
"I3QhDO8AMudE",0,3,NA,NA,NA,NA,NA,NA,NA,NA,NA,NA,NA,NA,NA,NA,NA,NA,NA,NA,NA,NA,NA
"I7haMaJMSMZ0",1,NA,NA,NA,NA,NA,NA,NA,NA,NA,NA,NA,NA,NA,NA,NA,NA,NA,NA,NA,NA,NA,NA
"i8i7iDXb5s7C",1,3.6,NA,NA,NA,NA,NA,NA,NA,NA,NA,NA,NA,NA,NA,NA,NA,NA,NA,NA,NA,NA,NA
"ibRdGPlZZI8z",0,5,4.88888888888889,4.52631578947368,5,5.66666666666667,4.33333333333333,6,4,4.33333333333333,4.66666666666667,5,4.23076923076923,5.25,5.33333333333333,5.16666666666667,4.16666666666667,4.83333333333333,1,NA,NA,NA,NA
"ICmqptmNWnN9",0,NA,NA,NA,NA,NA,NA,NA,NA,NA,NA,NA,NA,NA,NA,NA,NA,NA,NA,NA,NA,NA,NA
"iEiYjC0CWZsQ",0,NA,NA,NA,NA,NA,NA,NA,NA,NA,NA,NA,NA,NA,NA,NA,NA,NA,NA,NA,NA,NA,NA
"igLf6XmwM8Nw",0,3.6,NA,NA,NA,NA,NA,NA,NA,NA,NA,NA,NA,NA,NA,NA,NA,NA,NA,3,3.5,2.5,3.5
"Ilfxm9fkKgzV",1,4,4.33333333333333,4.31578947368421,3.66666666666667,5,4.66666666666667,4.66666666666667,3.33333333333333,4.66666666666667,4.66666666666667,5,4.15384615384615,4.5,4.33333333333333,4.66666666666667,4,4.83333333333333,5,2.8,3,2.5,4
"imAGGeuCbRAo",0,NA,NA,NA,NA,NA,NA,NA,NA,NA,NA,NA,NA,NA,NA,NA,NA,NA,NA,NA,NA,NA,NA
"ION8pA1bbJIE",1,5.2,NA,NA,NA,NA,NA,NA,NA,NA,NA,NA,NA,NA,NA,NA,NA,NA,NA,4.2,2.5,3,2.5
"iQk8DEaIU1Bg",1,NA,NA,NA,NA,NA,NA,NA,NA,NA,NA,NA,NA,NA,NA,NA,NA,NA,NA,NA,NA,NA,NA
"Ir0v0JoFhWFQ",0,5,4.44444444444444,4.15789473684211,3.33333333333333,6,1.33333333333333,6.33333333333333,4.33333333333333,5.33333333333333,3.66666666666667,5,4.30769230769231,4.25,4.66666666666667,3.83333333333333,4.83333333333333,4.33333333333333,2,NA,NA,NA,NA
"isRHm17LVaQv",0,4.8,4.5,3.31578947368421,5,5.66666666666667,4,3,4.66666666666667,4.66666666666667,3,1.33333333333333,3.23076923076923,4.41666666666667,5.33333333333333,3.5,4.66666666666667,2.16666666666667,5,3.5,4.5,4,3
"iTcNjKPy8bnS",1,4.6,NA,NA,NA,NA,NA,NA,NA,NA,NA,NA,NA,NA,NA,NA,NA,NA,NA,NA,NA,NA,NA
"ITf3BfAtH8UI",1,3.2,NA,NA,NA,NA,NA,NA,NA,NA,NA,NA,NA,NA,NA,NA,NA,NA,NA,3,3,2.5,2.5
"iVWfmk2pwfuO",1,4.6,3.94444444444444,3.05263157894737,5.66666666666667,5,3,1.33333333333333,4,4.66666666666667,3,3,3.46153846153846,3.75,5.33333333333333,2.16666666666667,4.33333333333333,3,4,3.4,5,4,2.5
"iX9oyt2GF3vE",1,NA,NA,NA,NA,NA,NA,NA,NA,NA,NA,NA,NA,NA,NA,NA,NA,NA,NA,NA,NA,NA,NA
"j0Pd9j6H31cL",0,NA,NA,NA,NA,NA,NA,NA,NA,NA,NA,NA,NA,NA,NA,NA,NA,NA,NA,NA,NA,NA,NA
"j0XffQr1hTjS",1,4.2,4.27777777777778,4.52631578947368,4.33333333333333,4,4.33333333333333,4.66666666666667,4,4.33333333333333,5.33333333333333,5.66666666666667,4.53846153846154,4.33333333333333,4.16666666666667,4.5,4.16666666666667,5.5,1,3.4,3,2.5,5
"J0yV3wkTCvBx",0,5.4,NA,NA,NA,NA,NA,NA,NA,NA,NA,NA,NA,NA,NA,NA,NA,NA,NA,3.7,2.5,2,4
"j1rsRGHi50ns",1,3.2,NA,NA,NA,NA,NA,NA,NA,NA,NA,NA,NA,NA,NA,NA,NA,NA,NA,NA,NA,NA,NA
"J6S4tnKmTTHF",0,4,NA,NA,NA,NA,NA,NA,NA,NA,NA,NA,NA,NA,NA,NA,NA,NA,NA,3.6,3,2,4.5
"j7riwsUnIWVV",1,NA,NA,NA,NA,NA,NA,NA,NA,NA,NA,NA,NA,NA,NA,NA,NA,NA,NA,NA,NA,NA,NA
"J9HmCg81TWOU",1,5.8,3.83333333333333,3.10526315789474,3.66666666666667,7,1.66666666666667,2.66666666666667,4,4,3.33333333333333,3.66666666666667,3.53846153846154,3.75,5.33333333333333,2.16666666666667,4,3.5,4,3,4.5,3.5,3.5
"jaJhNKy1zslE",0,4,4.27777777777778,4.36842105263158,5,3,4.33333333333333,3.33333333333333,5,5,4.66666666666667,5,4.61538461538461,3.91666666666667,4,3.83333333333333,5,4.83333333333333,2,3.1,3.5,3.5,3.5
"JAnh3KJ0fSWA",0,3,NA,NA,NA,NA,NA,NA,NA,NA,NA,NA,NA,NA,NA,NA,NA,NA,NA,2.9,3,1,3.5
"JBW2B1vsLyqf",0,3,NA,NA,NA,NA,NA,NA,NA,NA,NA,NA,NA,NA,NA,NA,NA,NA,NA,NA,NA,NA,NA
"jeM2E4IghJFh",0,5.4,5.77777777777778,5.52631578947368,6.66666666666667,6.66666666666667,4.33333333333333,5.33333333333333,6.33333333333333,5.33333333333333,6.66666666666667,6.66666666666667,5.84615384615385,5.75,6.66666666666667,4.83333333333333,5.83333333333333,6.66666666666667,3,3.6,3,3,4
"jI3feFck4L9w",0,NA,NA,NA,NA,NA,NA,NA,NA,NA,NA,NA,NA,NA,NA,NA,NA,NA,NA,NA,NA,NA,NA
"JKRiwEPtdYCT",1,3.2,3.22222222222222,3.57894736842105,1.33333333333333,6,1.66666666666667,6.33333333333333,1,3,4,6.33333333333333,3.38461538461538,3.83333333333333,3.66666666666667,4,2,5.16666666666667,4,NA,NA,NA,NA
"jm392TOcae2N",1,3.4,4,3.68421052631579,3.66666666666667,5.66666666666667,2,4.33333333333333,4,4.33333333333333,5,3.33333333333333,3.92307692307692,3.91666666666667,4.66666666666667,3.16666666666667,4.16666666666667,4.16666666666667,2,3.1,1,2.5,5
"JOF0x7inzFTg",1,4.4,NA,NA,NA,NA,NA,NA,NA,NA,NA,NA,NA,NA,NA,NA,NA,NA,NA,NA,NA,NA,NA
"jOmgdNhkVhkp",0,3.2,3.94444444444444,4,3.33333333333333,4.33333333333333,4,5,3,4,4,5,3.76923076923077,4.16666666666667,3.83333333333333,4.5,3.5,4.5,4,3.1,2.5,1.5,3.5
"JpF9hZlAcFFr",1,NA,NA,NA,NA,NA,NA,NA,NA,NA,NA,NA,NA,NA,NA,NA,NA,NA,NA,NA,NA,NA,NA
"JrxLijv5Y0pS",1,5,NA,NA,NA,NA,NA,NA,NA,NA,NA,NA,NA,NA,NA,NA,NA,NA,NA,2.9,4,2,2
"jsHE4av5jdFW",1,NA,NA,NA,NA,NA,NA,NA,NA,NA,NA,NA,NA,NA,NA,NA,NA,NA,NA,NA,NA,NA,NA
"Jt3PCKQWhgRr",0,6,4.94444444444444,4.73684210526316,5,5,5,4.66666666666667,5,5,5,5,4.69230769230769,4.91666666666667,5,4.83333333333333,5,5,3,4.1,3.5,3.5,4
"Jyeb6uL1Dra7",1,NA,NA,NA,NA,NA,NA,NA,NA,NA,NA,NA,NA,NA,NA,NA,NA,NA,NA,NA,NA,NA,NA
"JyU2Si4obycZ",0,NA,NA,NA,NA,NA,NA,NA,NA,NA,NA,NA,NA,NA,NA,NA,NA,NA,NA,NA,NA,NA,NA
"JZBsm9WZOGho",1,NA,NA,NA,NA,NA,NA,NA,NA,NA,NA,NA,NA,NA,NA,NA,NA,NA,NA,NA,NA,NA,NA
"kaAH8Zii7oWr",1,3,NA,NA,NA,NA,NA,NA,NA,NA,NA,NA,NA,NA,NA,NA,NA,NA,NA,NA,NA,NA,NA
"KBcpNE2Pzn6e",0,4.8,NA,NA,NA,NA,NA,NA,NA,NA,NA,NA,NA,NA,NA,NA,NA,NA,NA,2.8,3.5,1,5
"kCDpuvZmVp7v",1,4.2,4.66666666666667,4.21052631578947,5,5,4,4,5,5,4,4.33333333333333,4.30769230769231,4.5,5,4,5,4.16666666666667,1,NA,NA,NA,NA
"KcGjjZAwPMbk",1,3.4,3.16666666666667,3.31578947368421,1,4.66666666666667,2,6,1,4.33333333333333,1.66666666666667,5.66666666666667,3,3.41666666666667,2.83333333333333,4,2.66666666666667,3.66666666666667,4,1.6,1,1,5
"KDnM9Bnf0Xxe",0,NA,NA,NA,NA,NA,NA,NA,NA,NA,NA,NA,NA,NA,NA,NA,NA,NA,NA,NA,NA,NA,NA
"ke9KgusWTlZH",1,NA,NA,NA,NA,NA,NA,NA,NA,NA,NA,NA,NA,NA,NA,NA,NA,NA,NA,NA,NA,NA,NA
"kefOW9iv33ky",0,3,4.55555555555556,4.31578947368421,4.66666666666667,4.33333333333333,4.33333333333333,4,5.33333333333333,4.66666666666667,4.66666666666667,4,4.38461538461539,4.33333333333333,4.5,4.16666666666667,5,4.33333333333333,4,2.7,4,3.5,3
"KhYYWYORaerg",0,4.4,4.66666666666667,4.15789473684211,5,5,4.33333333333333,4.66666666666667,4,5,3.33333333333333,4.66666666666667,4,4.75,5,4.5,4.5,4,4,3.7,3,3.5,4
"kmebJIC8RWAd",1,2.6,NA,NA,NA,NA,NA,NA,NA,NA,NA,NA,NA,NA,NA,NA,NA,NA,NA,5,2,1,5
"KNcdoIxS1Eqx",1,NA,NA,NA,NA,NA,NA,NA,NA,NA,NA,NA,NA,NA,NA,NA,NA,NA,NA,NA,NA,NA,NA
"knlX7DpWpwpv",1,NA,NA,NA,NA,NA,NA,NA,NA,NA,NA,NA,NA,NA,NA,NA,NA,NA,NA,NA,NA,NA,NA
"KPgz4L7y4nGJ",1,3.4,4.66666666666667,4.52631578947368,4.66666666666667,4.66666666666667,4,5,5,4.66666666666667,4.66666666666667,5,4.53846153846154,4.58333333333333,4.66666666666667,4.5,4.83333333333333,4.83333333333333,4,3.2,3,4,3
"KQzs3wTHoR78",1,5.4,NA,NA,NA,NA,NA,NA,NA,NA,NA,NA,NA,NA,NA,NA,NA,NA,NA,NA,NA,NA,NA
"KTKwiOGqF2Ub",0,NA,NA,NA,NA,NA,NA,NA,NA,NA,NA,NA,NA,NA,NA,NA,NA,NA,NA,NA,NA,NA,NA
"kWAkzjiWuJYn",0,NA,NA,NA,NA,NA,NA,NA,NA,NA,NA,NA,NA,NA,NA,NA,NA,NA,NA,NA,NA,NA,NA
"kxJmz7hDWYUE",1,NA,NA,NA,NA,NA,NA,NA,NA,NA,NA,NA,NA,NA,NA,NA,NA,NA,NA,NA,NA,NA,NA
"l4PxqhZI86bz",1,5.2,NA,NA,NA,NA,NA,NA,NA,NA,NA,NA,NA,NA,NA,NA,NA,NA,NA,NA,NA,NA,NA
"L8WKQizUixPn",0,4,NA,NA,NA,NA,NA,NA,NA,NA,NA,NA,NA,NA,NA,NA,NA,NA,NA,NA,NA,NA,NA
"l9SRxyHJ51JB",1,NA,NA,NA,NA,NA,NA,NA,NA,NA,NA,NA,NA,NA,NA,NA,NA,NA,NA,NA,NA,NA,NA
"LAo2bVarbrl1",0,1.6,4.5,4.10526315789474,5,5.33333333333333,4.33333333333333,5.33333333333333,3,4,4,5,3.76923076923077,5,5.16666666666667,4.83333333333333,3.5,4.5,2,3.5,5,1.5,5
"lavWbMh9tfRC",0,NA,NA,NA,NA,NA,NA,NA,NA,NA,NA,NA,NA,NA,NA,NA,NA,NA,NA,NA,NA,NA,NA
"LhzOE6lf6IQ7",1,4,4.55555555555556,4.26315789473684,5.33333333333333,4.33333333333333,5,4,4.66666666666667,4,5,4,4.15384615384615,4.66666666666667,4.83333333333333,4.5,4.33333333333333,4.5,4,3.5,3,3.5,3.5
"lI5McvpXoWSW",0,3,NA,NA,NA,NA,NA,NA,NA,NA,NA,NA,NA,NA,NA,NA,NA,NA,NA,4,4.5,2.5,3.5
"lR8Z3PmsHUY3",0,4.2,NA,NA,NA,NA,NA,NA,NA,NA,NA,NA,NA,NA,NA,NA,NA,NA,NA,3.3,3.5,3,2.5
"lToBvbmw8gyW",0,4,4,4,4,4,4,5,3.66666666666667,3.33333333333333,4,5,3.76923076923077,4.25,4,4.5,3.5,4.5,4,2.5,2.5,2,4
"lV9kw1mAJa58",1,5,4.16666666666667,3.89473684210526,4.33333333333333,5.33333333333333,3.33333333333333,4.66666666666667,3.33333333333333,4,4.33333333333333,4.66666666666667,3.84615384615385,4.41666666666667,4.83333333333333,4,3.66666666666667,4.5,4,3,3.5,3,4.5
"M7rjooKNuVWI",1,2.8,4,3.84210526315789,4,4,4,4,4,4,4,4,3.76923076923077,4,4,4,4,4,4,3,2.5,1,5
"MA4yE4GBXmCr",0,4.6,NA,NA,NA,NA,NA,NA,NA,NA,NA,NA,NA,NA,NA,NA,NA,NA,NA,NA,NA,NA,NA
"McVxMyTD6cik",1,NA,NA,NA,NA,NA,NA,NA,NA,NA,NA,NA,NA,NA,NA,NA,NA,NA,NA,NA,NA,NA,NA
"MDcQ0uHUZdps",0,NA,NA,NA,NA,NA,NA,NA,NA,NA,NA,NA,NA,NA,NA,NA,NA,NA,NA,NA,NA,NA,NA
"me1ml1BwdF0X",1,3.4,5.11111111111111,4.73684210526316,5.33333333333333,4.66666666666667,6.33333333333333,2.66666666666667,5.66666666666667,6,5.33333333333333,3.66666666666667,4.84615384615385,4.75,5,4.5,5.83333333333333,4.5,5,3.6,4,4,3.5
"MFVgKRBirnvg",1,NA,4.66666666666667,4.36842105263158,5,4.66666666666667,4.66666666666667,3.66666666666667,5,5,4.66666666666667,4.33333333333333,4.46153846153846,4.5,4.83333333333333,4.16666666666667,5,4.5,4,NA,NA,NA,NA
"mGVj5zzEESHe",1,3.4,NA,NA,NA,NA,NA,NA,NA,NA,NA,NA,NA,NA,NA,NA,NA,NA,NA,3.1,3.5,4,3
"Mk9EFytliLWp",1,NA,NA,NA,NA,NA,NA,NA,NA,NA,NA,NA,NA,NA,NA,NA,NA,NA,NA,NA,NA,NA,NA
"mKPgyGpwKV72",1,4.6,4.22222222222222,3.84210526315789,4.66666666666667,5,4,3.66666666666667,4,4,4.33333333333333,4,3.84615384615385,4.33333333333333,4.83333333333333,3.83333333333333,4,4.16666666666667,5,3.1,4,2.5,3
"MN7WeuqISvcZ",1,NA,5.16666666666667,5.15789473684211,6,4.33333333333333,5.66666666666667,4.33333333333333,5.66666666666667,5,5.66666666666667,6,5.23076923076923,5.08333333333333,5.16666666666667,5,5.33333333333333,5.83333333333333,3,NA,NA,NA,NA
"MtC7BkR2fNdS",0,2.8,NA,NA,NA,NA,NA,NA,NA,NA,NA,NA,NA,NA,NA,NA,NA,NA,NA,NA,NA,NA,NA
"mTHP6Wwp7fJy",0,NA,NA,NA,NA,NA,NA,NA,NA,NA,NA,NA,NA,NA,NA,NA,NA,NA,NA,NA,NA,NA,NA
"mTmJCKsSPWlp",1,NA,NA,NA,NA,NA,NA,NA,NA,NA,NA,NA,NA,NA,NA,NA,NA,NA,NA,NA,NA,NA,NA
"mu7SII3kAa5F",0,NA,NA,NA,NA,NA,NA,NA,NA,NA,NA,NA,NA,NA,NA,NA,NA,NA,NA,NA,NA,NA,NA
"MUYCobliuS70",1,3.2,5.11111111111111,4.52631578947368,5,5.33333333333333,5,4,5.66666666666667,5.66666666666667,3.66666666666667,4.33333333333333,4.53846153846154,4.83333333333333,5.16666666666667,4.5,5.66666666666667,4,2,3.6,5,4,2.5
"mVndIrihV8Wt",0,5.2,4.05555555555556,3.84210526315789,5,4,3.66666666666667,3.66666666666667,3.66666666666667,4.33333333333333,5,3.66666666666667,3.92307692307692,4.08333333333333,4.5,3.66666666666667,4,4.33333333333333,5,NA,NA,NA,NA
"mY7NHcoQkIMW",1,NA,NA,NA,NA,NA,NA,NA,NA,NA,NA,NA,NA,NA,NA,NA,NA,NA,NA,NA,NA,NA,NA
"n4PhkHi5Tv0d",0,4.8,4.27777777777778,3.94736842105263,5,4,4.33333333333333,4,4.33333333333333,4,4,4,3.84615384615385,4.33333333333333,4.5,4.16666666666667,4.16666666666667,4,5,2.5,3,2.5,3
"n6Pv75hy9ndx",1,NA,NA,NA,NA,NA,NA,NA,NA,NA,NA,NA,NA,NA,NA,NA,NA,NA,NA,NA,NA,NA,NA
"NbfVFcK1pr1z",0,NA,NA,NA,NA,NA,NA,NA,NA,NA,NA,NA,NA,NA,NA,NA,NA,NA,NA,NA,NA,NA,NA
"nbmE4yiCXrE7",0,4,3.77777777777778,3.73684210526316,2,6,1.33333333333333,6.33333333333333,2,5,2,6.66666666666667,3.69230769230769,3.91666666666667,4,3.83333333333333,3.5,4.33333333333333,3,3,2.5,1,2.5
"nDvTZY7CXQiK",1,NA,NA,NA,NA,NA,NA,NA,NA,NA,NA,NA,NA,NA,NA,NA,NA,NA,NA,NA,NA,NA,NA
"nfgzdKmCSyDv",1,NA,NA,NA,NA,NA,NA,NA,NA,NA,NA,NA,NA,NA,NA,NA,NA,NA,NA,NA,NA,NA,NA
"nG0IAc5M4HfA",0,NA,NA,NA,NA,NA,NA,NA,NA,NA,NA,NA,NA,NA,NA,NA,NA,NA,NA,NA,NA,NA,NA
"NG6BYUrmkGte",0,NA,NA,NA,NA,NA,NA,NA,NA,NA,NA,NA,NA,NA,NA,NA,NA,NA,NA,NA,NA,NA,NA
"NgtmNFGIsuCO",1,5.4,4.16666666666667,3.47368421052632,3.66666666666667,3.33333333333333,4.66666666666667,5,4.33333333333333,4,2.33333333333333,1.33333333333333,2.84615384615385,4.16666666666667,3.5,4.83333333333333,4.16666666666667,1.83333333333333,4,2.9,3,3,1
"nkTMNXQLCRKn",0,3.2,3.44444444444444,3.94736842105263,1.66666666666667,4.66666666666667,3,6.33333333333333,1,4,4,6.33333333333333,3.61538461538462,3.91666666666667,3.16666666666667,4.66666666666667,2.5,5.16666666666667,3,NA,NA,NA,NA
"NLBn70aj7J0z",0,4.6,3.94444444444444,4.15789473684211,2,5,2,5.33333333333333,4,5.33333333333333,3.33333333333333,6,4.38461538461539,3.58333333333333,3.5,3.66666666666667,4.66666666666667,4.66666666666667,3,2.9,2,1,5
"nLDeecGuhZyJ",0,NA,NA,NA,NA,NA,NA,NA,NA,NA,NA,NA,NA,NA,NA,NA,NA,NA,NA,NA,NA,NA,NA
"NlLrDWcvaG3C",1,4.4,2.94444444444444,2.84210526315789,3,4,2.33333333333333,4,2,2.33333333333333,3,4,2.69230769230769,3.33333333333333,3.5,3.16666666666667,2.16666666666667,3.5,4,2.9,3,2,3
"NNETntw0MHW0",1,NA,3.88888888888889,3.63157894736842,4,4,4.33333333333333,3.66666666666667,3.33333333333333,4,4,3.33333333333333,3.46153846153846,4,4,4,3.66666666666667,3.66666666666667,2,3,3.5,2.5,3
"NpYXC3svMZ54",0,NA,NA,NA,NA,NA,NA,NA,NA,NA,NA,NA,NA,NA,NA,NA,NA,NA,NA,NA,NA,NA,NA
"Ntdgnvh9sPTA",1,NA,NA,NA,NA,NA,NA,NA,NA,NA,NA,NA,NA,NA,NA,NA,NA,NA,NA,NA,NA,NA,NA
"nud5ITGghofB",0,5.4,NA,NA,NA,NA,NA,NA,NA,NA,NA,NA,NA,NA,NA,NA,NA,NA,NA,4.2,4,4.5,2
"o1j6Eqcgcj7D",1,6,NA,NA,NA,NA,NA,NA,NA,NA,NA,NA,NA,NA,NA,NA,NA,NA,NA,3.7,4,2,4
"O4WcDoOVNvjR",1,NA,NA,NA,NA,NA,NA,NA,NA,NA,NA,NA,NA,NA,NA,NA,NA,NA,NA,NA,NA,NA,NA
"o5AdOpefD1jm",1,NA,4,3.73684210526316,4,4.33333333333333,3.33333333333333,4.33333333333333,4,4,3.66666666666667,4,3.69230769230769,4,4.16666666666667,3.83333333333333,4,3.83333333333333,3,NA,NA,NA,NA
"o5wC8DlTpyAf",1,1,3.11111111111111,3.57894736842105,1.33333333333333,5,3,7,1,1.33333333333333,3,7,2.92307692307692,4.08333333333333,3.16666666666667,5,1.16666666666667,5,5,3.9,2,3.5,4.5
"OAtFqKsmZUg9",0,NA,NA,NA,NA,NA,NA,NA,NA,NA,NA,NA,NA,NA,NA,NA,NA,NA,NA,NA,NA,NA,NA
"obzyYculbHHn",0,NA,NA,NA,NA,NA,NA,NA,NA,NA,NA,NA,NA,NA,NA,NA,NA,NA,NA,NA,NA,NA,NA
"OKf5QEnS1AuX",0,3.2,NA,NA,NA,NA,NA,NA,NA,NA,NA,NA,NA,NA,NA,NA,NA,NA,NA,3,3,2.5,2.5
"oLL8bqvmgaY0",1,5.6,4,3.84210526315789,4,4,4,4,4,4,4,4,3.76923076923077,4,4,4,4,4,5,4,2.5,2.5,3.5
"OqFDhjgajguk",1,NA,NA,NA,NA,NA,NA,NA,NA,NA,NA,NA,NA,NA,NA,NA,NA,NA,NA,NA,NA,NA,NA
"OrpaX6MZDhYh",0,NA,NA,NA,NA,NA,NA,NA,NA,NA,NA,NA,NA,NA,NA,NA,NA,NA,NA,NA,NA,NA,NA
"osXj9BAZRbhz",1,NA,NA,NA,NA,NA,NA,NA,NA,NA,NA,NA,NA,NA,NA,NA,NA,NA,NA,NA,NA,NA,NA
"OZDokBU10hiq",0,NA,NA,NA,NA,NA,NA,NA,NA,NA,NA,NA,NA,NA,NA,NA,NA,NA,NA,NA,NA,NA,NA
"p1Mb7oLGneZ9",0,NA,4.11111111111111,3.94736842105263,4,4,4,2.66666666666667,5,5,5,3,4.23076923076923,3.66666666666667,4,3.33333333333333,5,4,5,3.9,3.5,2,3.5
"p1zAP4vUPela",1,NA,NA,NA,NA,NA,NA,NA,NA,NA,NA,NA,NA,NA,NA,NA,NA,NA,NA,NA,NA,NA,NA
"P4XzzvQlUfR3",0,3,NA,NA,NA,NA,NA,NA,NA,NA,NA,NA,NA,NA,NA,NA,NA,NA,NA,NA,NA,NA,NA
"p7GRGBJt9S4G",0,NA,NA,NA,NA,NA,NA,NA,NA,NA,NA,NA,NA,NA,NA,NA,NA,NA,NA,NA,NA,NA,NA
"PAw8ZOmzK1MU",1,4.6,4.5,4.15789473684211,4.66666666666667,4.66666666666667,4,4.33333333333333,4.33333333333333,5,4,4.33333333333333,4.15384615384615,4.41666666666667,4.66666666666667,4.16666666666667,4.66666666666667,4.16666666666667,3,NA,NA,NA,NA
"pe5uyMD3jvff",0,NA,NA,NA,NA,NA,NA,NA,NA,NA,NA,NA,NA,NA,NA,NA,NA,NA,NA,NA,NA,NA,NA
"PIHF0gqauWAS",0,NA,NA,NA,NA,NA,NA,NA,NA,NA,NA,NA,NA,NA,NA,NA,NA,NA,NA,NA,NA,NA,NA
"pL4SnkAfO5ES",1,NA,NA,NA,NA,NA,NA,NA,NA,NA,NA,NA,NA,NA,NA,NA,NA,NA,NA,NA,NA,NA,NA
"pN4WG1LRpt38",1,3.8,NA,NA,NA,NA,NA,NA,NA,NA,NA,NA,NA,NA,NA,NA,NA,NA,NA,NA,NA,NA,NA
"Pp5rDIKcCYaC",1,5.2,NA,NA,NA,NA,NA,NA,NA,NA,NA,NA,NA,NA,NA,NA,NA,NA,NA,NA,NA,NA,NA
"pSc0CoTuLWBR",1,NA,NA,NA,NA,NA,NA,NA,NA,NA,NA,NA,NA,NA,NA,NA,NA,NA,NA,NA,NA,NA,NA
"pWXzUsCHowy5",1,5,3.88888888888889,3.84210526315789,1.66666666666667,6.33333333333333,1.66666666666667,6.33333333333333,2,5.33333333333333,3,5.66666666666667,3.76923076923077,4,4,4,3.66666666666667,4.33333333333333,3,3.9,2,1,5
"Q0OuXt9a5mWO",1,NA,NA,NA,NA,NA,NA,NA,NA,NA,NA,NA,NA,NA,NA,NA,NA,NA,NA,NA,NA,NA,NA
"q7izOzMPNzFB",0,NA,NA,NA,NA,NA,NA,NA,NA,NA,NA,NA,NA,NA,NA,NA,NA,NA,NA,3.3,4.5,2.5,4
"qBlGZ88i9XMR",0,5.2,5.27777777777778,4.47368421052632,6,6,4.66666666666667,4,5.33333333333333,5.66666666666667,4.33333333333333,4,4.53846153846154,5.16666666666667,6,4.33333333333333,5.5,4.16666666666667,4,4,4.5,3,3
"QcAfqdYZUten",0,NA,NA,NA,NA,NA,NA,NA,NA,NA,NA,NA,NA,NA,NA,NA,NA,NA,NA,NA,NA,NA,NA
"Qj2EYUD1PIuw",1,4.6,NA,NA,NA,NA,NA,NA,NA,NA,NA,NA,NA,NA,NA,NA,NA,NA,NA,NA,NA,NA,NA
"QkMyMUK0Q6AZ",1,NA,NA,NA,NA,NA,NA,NA,NA,NA,NA,NA,NA,NA,NA,NA,NA,NA,NA,3.2,2.5,2.5,4
"qLjH8bBzloIs",1,4.2,4.27777777777778,3.63157894736842,4.66666666666667,4.66666666666667,3.66666666666667,4,4,4.66666666666667,3,3.33333333333333,3.53846153846154,4.25,4.66666666666667,3.83333333333333,4.33333333333333,3.16666666666667,3,3.6,4,4,2
"QnU2bgxmUE9C",0,NA,NA,NA,NA,NA,NA,NA,NA,NA,NA,NA,NA,NA,NA,NA,NA,NA,NA,NA,NA,NA,NA
"qSTC6LdOvrVj",0,5.6,NA,NA,NA,NA,NA,NA,NA,NA,NA,NA,NA,NA,NA,NA,NA,NA,NA,NA,NA,NA,NA
"QzJXL049IU3v",0,5.4,4.55555555555556,4.21052631578947,4.66666666666667,5,4,4.66666666666667,4.33333333333333,4.66666666666667,4,4.66666666666667,4.15384615384615,4.58333333333333,4.83333333333333,4.33333333333333,4.5,4.33333333333333,1,3.1,3,3,4
"R19PHO94MNHL",1,NA,NA,NA,NA,NA,NA,NA,NA,NA,NA,NA,NA,NA,NA,NA,NA,NA,NA,NA,NA,NA,NA
"r1arDp5t8auX",1,4.4,3.55555555555556,3.47368421052632,4.33333333333333,2.66666666666667,4.66666666666667,2.33333333333333,4,3.33333333333333,5,2.33333333333333,3.46153846153846,3.5,3.5,3.5,3.66666666666667,3.66666666666667,4,3,3.5,2,4
"r5uvBVR2nIi3",1,4.8,4.88888888888889,4.15789473684211,5.66666666666667,5.33333333333333,4.66666666666667,2,6,5.66666666666667,5.66666666666667,2,4.53846153846154,4.41666666666667,5.5,3.33333333333333,5.83333333333333,3.83333333333333,2,3.7,4,4.5,3
"R6XZJN3JG0UU",1,4.4,4.77777777777778,4.52631578947368,5.33333333333333,4.66666666666667,5,3.66666666666667,5.66666666666667,4.33333333333333,5.33333333333333,4.33333333333333,4.61538461538461,4.66666666666667,5,4.33333333333333,5,4.83333333333333,4,3.3,3,4.5,2.5
"rah8xUsXipw0",1,NA,NA,NA,NA,NA,NA,NA,NA,NA,NA,NA,NA,NA,NA,NA,NA,NA,NA,NA,NA,NA,NA
"RaT4k486JIOQ",1,4.2,NA,NA,NA,NA,NA,NA,NA,NA,NA,NA,NA,NA,NA,NA,NA,NA,NA,3.9,3.5,3.5,3
"roAji3EZz2m4",1,4.8,4.55555555555556,4.26315789473684,4.66666666666667,5,3.66666666666667,4.66666666666667,4.33333333333333,5,4.66666666666667,4.33333333333333,4.30769230769231,4.5,4.83333333333333,4.16666666666667,4.66666666666667,4.5,4,4,3,3.5,4
"RRlTP1MIyVXI",0,1,4.66666666666667,4.47368421052632,3,5,5,7,1,7,1,7,3.76923076923077,5,4,6,4,4,1,2,5,1,5
"rU6Db8pruNp3",0,5.8,3.5,3.52631578947368,2,4,3,4,4,4,3,4,3.53846153846154,3.25,3,3.5,4,3.5,2,3.4,3,3,4
"RVpVRZKZhlHG",1,6,4.11111111111111,3.31578947368421,3.66666666666667,6.66666666666667,3.33333333333333,4.66666666666667,3,3.33333333333333,3.33333333333333,3,3,4.58333333333333,5.16666666666667,4,3.16666666666667,3.16666666666667,4,3,2.5,2,5
"s1i0GLxQDAWS",1,6,NA,NA,NA,NA,NA,NA,NA,NA,NA,NA,NA,NA,NA,NA,NA,NA,NA,3.7,2.5,1,5
"S2gJqPgDuyRM",0,NA,NA,NA,NA,NA,NA,NA,NA,NA,NA,NA,NA,NA,NA,NA,NA,NA,NA,NA,NA,NA,NA
"s8Z8bd2OWUyW",1,4,4.66666666666667,3.94736842105263,6.33333333333333,5,3,2.66666666666667,5.66666666666667,5.33333333333333,4.33333333333333,3.66666666666667,4.46153846153846,4.25,5.66666666666667,2.83333333333333,5.5,4,4,3.8,3.5,4.5,3.5
"sA9aeOrsVpZA",0,NA,NA,NA,NA,NA,NA,NA,NA,NA,NA,NA,NA,NA,NA,NA,NA,NA,NA,NA,NA,NA,NA
"SCYcpWoIQH9W",1,3.8,NA,NA,NA,NA,NA,NA,NA,NA,NA,NA,NA,NA,NA,NA,NA,NA,NA,2.9,3,3,2
"SHfS0GavKJ5y",0,4.2,NA,NA,NA,NA,NA,NA,NA,NA,NA,NA,NA,NA,NA,NA,NA,NA,NA,NA,NA,NA,NA
"SJJGnEzCbP7E",0,2,2.61111111111111,2.31578947368421,3.33333333333333,3.33333333333333,1.33333333333333,3.33333333333333,2.66666666666667,1.66666666666667,3.33333333333333,2,2.30769230769231,2.83333333333333,3.33333333333333,2.33333333333333,2.16666666666667,2.66666666666667,3,NA,NA,NA,NA
"sjo2F114fa1Z",1,2.8,4.72222222222222,4.42105263157895,5.33333333333333,3.33333333333333,5,3.33333333333333,6,5.33333333333333,5,3,4.53846153846154,4.25,4.33333333333333,4.16666666666667,5.66666666666667,4,2,3.8,4.5,4.5,1.5
"SmRDh0Ddkf4J",0,NA,NA,NA,NA,NA,NA,NA,NA,NA,NA,NA,NA,NA,NA,NA,NA,NA,NA,NA,NA,NA,NA
"sobP6sQ1PUvx",1,NA,NA,NA,NA,NA,NA,NA,NA,NA,NA,NA,NA,NA,NA,NA,NA,NA,NA,NA,NA,NA,NA
"SRAGU4a6uHaI",1,3.6,4.66666666666667,4.21052631578947,5,4.66666666666667,5,3.33333333333333,5,5,4,4,4.23076923076923,4.5,4.83333333333333,4.16666666666667,5,4,4,3.6,2.5,3.5,3
"sswXfC0sxI7Q",1,4.2,NA,NA,NA,NA,NA,NA,NA,NA,NA,NA,NA,NA,NA,NA,NA,NA,NA,NA,NA,NA,NA
"sSYUN5fbQ9lv",0,3,4.27777777777778,3.89473684210526,4.66666666666667,4.66666666666667,5.66666666666667,2,4.33333333333333,4.33333333333333,4.66666666666667,3.33333333333333,3.92307692307692,4.25,4.66666666666667,3.83333333333333,4.33333333333333,4,2,4.7,5,4.5,3
"tcD7RetY9J46",0,4,4.38888888888889,4.10526315789474,4.33333333333333,4.66666666666667,4.66666666666667,4.66666666666667,4,4,3.66666666666667,4.66666666666667,3.84615384615385,4.58333333333333,4.5,4.66666666666667,4,4.16666666666667,2,3.1,3,3,3
"td4IUftqyleh",0,3.6,4.33333333333333,4.10526315789474,5,4.33333333333333,4.66666666666667,4,4,4,4.66666666666667,4.33333333333333,4,4.5,4.66666666666667,4.33333333333333,4,4.5,5,3,4,3,3.5
"Td7leZAxYhTH",1,NA,NA,NA,NA,NA,NA,NA,NA,NA,NA,NA,NA,NA,NA,NA,NA,NA,NA,NA,NA,NA,NA
"tdhjaFUZuSts",1,NA,NA,NA,NA,NA,NA,NA,NA,NA,NA,NA,NA,NA,NA,NA,NA,NA,NA,NA,NA,NA,NA
"tDShwo0bO2pt",0,NA,NA,NA,NA,NA,NA,NA,NA,NA,NA,NA,NA,NA,NA,NA,NA,NA,NA,NA,NA,NA,NA
"TFCOKMcccRDF",1,3.6,4.77777777777778,4.36842105263158,5,4.66666666666667,5,3.33333333333333,5.33333333333333,5.33333333333333,5,3.33333333333333,4.46153846153846,4.5,4.83333333333333,4.16666666666667,5.33333333333333,4.16666666666667,5,2.6,4,4,3.5
"TGy7e1ayhlOG",0,NA,NA,NA,NA,NA,NA,NA,NA,NA,NA,NA,NA,NA,NA,NA,NA,NA,NA,NA,NA,NA,NA
"TmVGCWudWhSQ",0,5,NA,NA,NA,NA,NA,NA,NA,NA,NA,NA,NA,NA,NA,NA,NA,NA,NA,NA,NA,NA,NA
"toCAqU3wKN1p",0,NA,NA,NA,NA,NA,NA,NA,NA,NA,NA,NA,NA,NA,NA,NA,NA,NA,NA,NA,NA,NA,NA
"tpbGKVleXoyJ",0,NA,NA,NA,NA,NA,NA,NA,NA,NA,NA,NA,NA,NA,NA,NA,NA,NA,NA,NA,NA,NA,NA
"tVXHE6kEbE3w",1,NA,4,3.84210526315789,4,4,4,4,4,4,4,4,3.76923076923077,4,4,4,4,4,5,3.3,2.5,2.5,3.5
"tZPxO7SuO6xM",0,NA,NA,NA,NA,NA,NA,NA,NA,NA,NA,NA,NA,NA,NA,NA,NA,NA,NA,NA,NA,NA,NA
"U1qUGBjlEANe",1,4.8,3.94444444444444,4.05263157894737,4,4.66666666666667,3.33333333333333,6.33333333333333,1.33333333333333,4,5,5.33333333333333,3.69230769230769,4.58333333333333,4.33333333333333,4.83333333333333,2.66666666666667,5.16666666666667,3,4,4,1,5
"U7C5wfgUu3Nr",0,5.2,3.33333333333333,2.94736842105263,4.66666666666667,3.33333333333333,2,1.66666666666667,4.33333333333333,4,3.66666666666667,2.66666666666667,3.46153846153846,2.91666666666667,4,1.83333333333333,4.16666666666667,3.16666666666667,2,3.1,2.5,4,3.5
"U7qHgZDa6Bix",0,NA,NA,NA,NA,NA,NA,NA,NA,NA,NA,NA,NA,NA,NA,NA,NA,NA,NA,NA,NA,NA,NA
"u85AI7beHgX1",0,NA,NA,NA,NA,NA,NA,NA,NA,NA,NA,NA,NA,NA,NA,NA,NA,NA,NA,NA,NA,NA,NA
"UhGJ5vrs8d77",0,5,3.61111111111111,3.63157894736842,3.33333333333333,4,4,5,2.66666666666667,2.66666666666667,4,4.33333333333333,3.23076923076923,4.08333333333333,3.66666666666667,4.5,2.66666666666667,4.16666666666667,4,3.2,2,1,5
"uiGMFxhneNYR",1,3.2,NA,NA,NA,NA,NA,NA,NA,NA,NA,NA,NA,NA,NA,NA,NA,NA,NA,3,3,2,4.5
"UJtZTjGVLpfC",1,4,NA,NA,NA,NA,NA,NA,NA,NA,NA,NA,NA,NA,NA,NA,NA,NA,NA,NA,NA,NA,NA
"UmT9JhtKjBgO",0,2.2,3,2.73684210526316,1.66666666666667,4,2,5.33333333333333,2.33333333333333,2.66666666666667,2,2.66666666666667,2.30769230769231,3.25,2.83333333333333,3.66666666666667,2.5,2.33333333333333,2,3,3.5,1,5
"UN8ggIJ6wXMr",0,1.6,4.61111111111111,4.05263157894737,6,4.33333333333333,2.66666666666667,4.66666666666667,5,5,3.66666666666667,4.33333333333333,4.23076923076923,4.41666666666667,5.16666666666667,3.66666666666667,5,4,3,3.4,4,3,3.5
"Uo8VLxyhzvpq",0,3,5.05555555555556,4.26315789473684,6.33333333333333,6.66666666666667,3.33333333333333,4.33333333333333,4.66666666666667,5,4.33333333333333,5,4.46153846153846,5.16666666666667,6.5,3.83333333333333,4.83333333333333,4.66666666666667,1,NA,NA,NA,NA
"Uuiq8XWoTtbi",1,2.2,NA,NA,NA,NA,NA,NA,NA,NA,NA,NA,NA,NA,NA,NA,NA,NA,NA,NA,NA,NA,NA
"UvOx81pl3gy2",1,NA,4.88888888888889,4.57894736842105,6,5.33333333333333,4.33333333333333,5,4.66666666666667,4,5.66666666666667,5,4.53846153846154,5.16666666666667,5.66666666666667,4.66666666666667,4.33333333333333,5.33333333333333,5,3.4,3.5,3.5,3.5
"V2xE5t6iINTQ",0,NA,NA,NA,NA,NA,NA,NA,NA,NA,NA,NA,NA,NA,NA,NA,NA,NA,NA,NA,NA,NA,NA
"V6sNsQwvZmYn",1,NA,NA,NA,NA,NA,NA,NA,NA,NA,NA,NA,NA,NA,NA,NA,NA,NA,NA,NA,NA,NA,NA
"v9doyQrxCyRP",1,4.4,NA,NA,NA,NA,NA,NA,NA,NA,NA,NA,NA,NA,NA,NA,NA,NA,NA,3.7,3.5,4,3
"vO09m5waCsd1",1,NA,NA,NA,NA,NA,NA,NA,NA,NA,NA,NA,NA,NA,NA,NA,NA,NA,NA,NA,NA,NA,NA
"VpXJiF5D4kua",1,4,NA,NA,NA,NA,NA,NA,NA,NA,NA,NA,NA,NA,NA,NA,NA,NA,NA,NA,NA,NA,NA
"vQCYDo93Efs4",0,NA,NA,NA,NA,NA,NA,NA,NA,NA,NA,NA,NA,NA,NA,NA,NA,NA,NA,NA,NA,NA,NA
"vR3HG9skTwx3",0,NA,NA,NA,NA,NA,NA,NA,NA,NA,NA,NA,NA,NA,NA,NA,NA,NA,NA,NA,NA,NA,NA
"vS2lh0f4XmTl",0,3.8,4,4.10526315789474,4,4.33333333333333,3.66666666666667,4,3.66666666666667,4.33333333333333,4,6,4.23076923076923,4,4.16666666666667,3.83333333333333,4,5,3,3.3,3.5,3,4
"vvq0NlaqIu0O",0,NA,NA,NA,NA,NA,NA,NA,NA,NA,NA,NA,NA,NA,NA,NA,NA,NA,NA,NA,NA,NA,NA
"W1XAF8mk0dz2",1,4,4.66666666666667,4.10526315789474,5.66666666666667,5,3.66666666666667,3.33333333333333,5,5.33333333333333,5,3.33333333333333,4.38461538461539,4.41666666666667,5.33333333333333,3.5,5.16666666666667,4.16666666666667,5,4.3,4.5,4,2.5
"w3Turnu1ysuW",0,4,NA,NA,NA,NA,NA,NA,NA,NA,NA,NA,NA,NA,NA,NA,NA,NA,NA,3.1,3,3,3
"W553tcFa46wk",1,3,3.72222222222222,3.94736842105263,3,3.66666666666667,3,5.66666666666667,3,4,3.66666666666667,5.33333333333333,3.76923076923077,3.83333333333333,3.33333333333333,4.33333333333333,3.5,4.5,2,2.8,3,1,5
"W9Fk7KAVTqi0",1,NA,NA,NA,NA,NA,NA,NA,NA,NA,NA,NA,NA,NA,NA,NA,NA,NA,NA,NA,NA,NA,NA
"W9H0xukl8llj",1,NA,NA,NA,NA,NA,NA,NA,NA,NA,NA,NA,NA,NA,NA,NA,NA,NA,NA,NA,NA,NA,NA
"WcLatscJOw6y",0,NA,NA,NA,NA,NA,NA,NA,NA,NA,NA,NA,NA,NA,NA,NA,NA,NA,NA,NA,NA,NA,NA
"wCr3Yfcg8yy8",1,NA,NA,NA,NA,NA,NA,NA,NA,NA,NA,NA,NA,NA,NA,NA,NA,NA,NA,NA,NA,NA,NA
"WhJaGzFW1RdF",0,4.2,4.77777777777778,4.31578947368421,6,4.66666666666667,4,4,5,5,5,4,4.46153846153846,4.66666666666667,5.33333333333333,4,5,4.5,4,3.4,3.5,3,3.5
"WIcxLlkfQ3IL",0,3,NA,NA,NA,NA,NA,NA,NA,NA,NA,NA,NA,NA,NA,NA,NA,NA,NA,2.4,5,3,1
"wikEwciz5Qet",0,4,NA,NA,NA,NA,NA,NA,NA,NA,NA,NA,NA,NA,NA,NA,NA,NA,NA,NA,NA,NA,NA
"WJXVh621r2VW",1,3.8,4.33333333333333,4.05263157894737,4.33333333333333,4.66666666666667,4,4.33333333333333,4.33333333333333,4.33333333333333,4,4.33333333333333,4,4.33333333333333,4.5,4.16666666666667,4.33333333333333,4.16666666666667,3,3.4,3,3,3.5
"WqV3oFQNJeJH",1,3.4,NA,NA,NA,NA,NA,NA,NA,NA,NA,NA,NA,NA,NA,NA,NA,NA,NA,NA,NA,NA,NA
"wRaQGZPjHmCp",1,6,3.66666666666667,3.78947368421053,2.33333333333333,5.33333333333333,2,5.33333333333333,2.66666666666667,4.33333333333333,3.33333333333333,6,3.84615384615385,3.75,3.83333333333333,3.66666666666667,3.5,4.66666666666667,4,4.4,2,1,5
"WtuV3IbCn7go",1,5.2,NA,NA,NA,NA,NA,NA,NA,NA,NA,NA,NA,NA,NA,NA,NA,NA,NA,NA,NA,NA,NA
"WvW2PQNkM0Nj",1,4,2.94444444444444,3.26315789473684,3.33333333333333,3.33333333333333,4,2.66666666666667,2.33333333333333,2,4.33333333333333,5,3.23076923076923,3.33333333333333,3.33333333333333,3.33333333333333,2.16666666666667,4.66666666666667,5,3.1,3.5,3,3
"WWFlQSKpLvRb",1,4.4,4.05555555555556,3.42105263157895,5,4.33333333333333,3.33333333333333,3.66666666666667,4,4,3.33333333333333,3,3.38461538461538,4.08333333333333,4.66666666666667,3.5,4,3.16666666666667,2,3.5,4,4,3
"X1NiSEemGb3A",1,NA,NA,NA,NA,NA,NA,NA,NA,NA,NA,NA,NA,NA,NA,NA,NA,NA,NA,NA,NA,NA,NA
"x27TsOZFF4CM",1,NA,NA,NA,NA,NA,NA,NA,NA,NA,NA,NA,NA,NA,NA,NA,NA,NA,NA,NA,NA,NA,NA
"xAy0coUnNOFe",0,3.2,4.16666666666667,3.63157894736842,4.33333333333333,5,4,5,3.33333333333333,3.33333333333333,3.66666666666667,3.33333333333333,3.23076923076923,4.58333333333333,4.66666666666667,4.5,3.33333333333333,3.5,3,NA,NA,NA,NA
"XaYYmjaixacI",0,5.8,4.05555555555556,4.05263157894737,4,4,4,4.33333333333333,4,4,4,5,4,4.08333333333333,4,4.16666666666667,4,4.5,1,3.1,2.5,1.5,4
"Xd5wR9TBpgHd",1,NA,2.83333333333333,3.21052631578947,2.66666666666667,2.66666666666667,2.33333333333333,2.66666666666667,2.66666666666667,4,4.66666666666667,3.66666666666667,3.53846153846154,2.58333333333333,2.66666666666667,2.5,3.33333333333333,4.16666666666667,2,NA,NA,NA,NA
"xIcjgqOyTXKC",1,2.8,4.05555555555556,4,2,6,2.66666666666667,6,2.66666666666667,5,2.66666666666667,6,3.84615384615385,4.16666666666667,4,4.33333333333333,3.83333333333333,4.33333333333333,3,2.9,3,3,4
"XlUySSYNxlFw",0,5,3.94444444444444,3,5,4.66666666666667,3.66666666666667,2.33333333333333,6,2,2.66666666666667,2,3,3.91666666666667,4.83333333333333,3,4,2.33333333333333,5,4,5,5,2.5
"XMz07gL5Pw91",1,NA,NA,NA,NA,NA,NA,NA,NA,NA,NA,NA,NA,NA,NA,NA,NA,NA,NA,NA,NA,NA,NA
"Xn0RccmReOy9",0,1.8,4.94444444444444,4.73684210526316,5.33333333333333,5.33333333333333,3,4.66666666666667,5.33333333333333,6,5,5.66666666666667,5.15384615384615,4.58333333333333,5.33333333333333,3.83333333333333,5.66666666666667,5.33333333333333,3,3.3,3,3,3.5
"XPkwMxtO4yzF",1,4.6,NA,NA,NA,NA,NA,NA,NA,NA,NA,NA,NA,NA,NA,NA,NA,NA,NA,NA,NA,NA,NA
"xPtIE1I6UTbM",0,3.2,4.72222222222222,4.47368421052632,6.66666666666667,3.66666666666667,4,3.33333333333333,5.66666666666667,5,5,5,4.84615384615385,4.41666666666667,5.16666666666667,3.66666666666667,5.33333333333333,5,3,3.9,4.5,4.5,3
"xSeIFU7MvNs3",1,3.8,3.77777777777778,4.10526315789474,3,3.33333333333333,4.33333333333333,3,4.66666666666667,4.33333333333333,5,4.33333333333333,4.30769230769231,3.41666666666667,3.16666666666667,3.66666666666667,4.5,4.66666666666667,3,2.8,3,3,3
"XXPhx313YNd4",1,4,NA,NA,NA,NA,NA,NA,NA,NA,NA,NA,NA,NA,NA,NA,NA,NA,NA,NA,NA,NA,NA
"XykLZqQ5js4T",1,3.8,4.22222222222222,3.84210526315789,5,4,4.66666666666667,3.33333333333333,4.33333333333333,4,4,3.66666666666667,3.76923076923077,4.25,4.5,4,4.16666666666667,3.83333333333333,4,4.4,5,4,2.5
"XZmFTJWKen4P",0,3,NA,NA,NA,NA,NA,NA,NA,NA,NA,NA,NA,NA,NA,NA,NA,NA,NA,NA,NA,NA,NA
"xzVA6wpZVfcz",1,1,4.5,3.57894736842105,5,5.33333333333333,3.33333333333333,3.33333333333333,5,5,3.33333333333333,2.33333333333333,3.69230769230769,4.25,5.16666666666667,3.33333333333333,5,2.83333333333333,4,3.3,3.5,3,3.5
"y8ql2kNinxLt",1,NA,NA,NA,NA,NA,NA,NA,NA,NA,NA,NA,NA,NA,NA,NA,NA,NA,NA,NA,NA,NA,NA
"YcXxEsar9186",1,NA,NA,NA,NA,NA,NA,NA,NA,NA,NA,NA,NA,NA,NA,NA,NA,NA,NA,NA,NA,NA,NA
"YjgNCmYJoIwn",0,NA,NA,NA,NA,NA,NA,NA,NA,NA,NA,NA,NA,NA,NA,NA,NA,NA,NA,NA,NA,NA,NA
"YKc0LXIuZo6c",1,4.6,3.55555555555556,3.47368421052632,4,3.33333333333333,3.33333333333333,3.66666666666667,3.66666666666667,3.33333333333333,4,3.66666666666667,3.46153846153846,3.58333333333333,3.66666666666667,3.5,3.5,3.83333333333333,4,2.5,3,3,3.5
"YL1vblvkwntP",0,NA,NA,NA,NA,NA,NA,NA,NA,NA,NA,NA,NA,NA,NA,NA,NA,NA,NA,NA,NA,NA,NA
"YmU1CICx8qdy",1,NA,NA,NA,NA,NA,NA,NA,NA,NA,NA,NA,NA,NA,NA,NA,NA,NA,NA,4.1,4.5,4.5,3
"yNDTWxXQ3NuD",1,3,NA,NA,NA,NA,NA,NA,NA,NA,NA,NA,NA,NA,NA,NA,NA,NA,NA,2.9,3.5,3,4.5
"yroANzWTL85k",1,3.4,4,3.68421052631579,4.33333333333333,4,4,3.66666666666667,4,4,4,3.33333333333333,3.61538461538462,4,4.16666666666667,3.83333333333333,4,3.66666666666667,4,NA,NA,NA,NA
"YTW7YbewFWz3",1,NA,NA,NA,NA,NA,NA,NA,NA,NA,NA,NA,NA,NA,NA,NA,NA,NA,NA,NA,NA,NA,NA
"YTX3VIEMmC4A",1,NA,NA,NA,NA,NA,NA,NA,NA,NA,NA,NA,NA,NA,NA,NA,NA,NA,NA,NA,NA,NA,NA
"ytYbnk3lmRxR",1,6,6.05555555555556,5.73684210526316,5.66666666666667,6,4.66666666666667,7,6.33333333333333,6.66666666666667,5,6.33333333333333,5.69230769230769,5.83333333333333,5.83333333333333,5.83333333333333,6.5,5.66666666666667,2,NA,NA,NA,NA
"Yu3Ftxa30wBh",1,4.2,4,3.78947368421053,4,4,4,4,4,4,4,3.66666666666667,3.69230769230769,4,4,4,4,3.83333333333333,4,NA,NA,NA,NA
"yvpeXguvBjbi",0,4,4.05555555555556,3.78947368421053,5.66666666666667,6.33333333333333,2,2.33333333333333,3.66666666666667,4.33333333333333,4.33333333333333,7,4.53846153846154,4.08333333333333,6,2.16666666666667,4,5.66666666666667,3,3.8,5,3.5,2.5
"YZQPeRs0QRoR",0,NA,4.55555555555556,4.31578947368421,5.33333333333333,4.33333333333333,5.33333333333333,2,6.66666666666667,3.66666666666667,5.66666666666667,3.66666666666667,4.61538461538461,4.25,4.83333333333333,3.66666666666667,5.16666666666667,4.66666666666667,3,NA,NA,NA,NA
"z023MLR8zWq1",1,4.8,4,3.84210526315789,4,4,4,4,4,4,4,4,3.76923076923077,4,4,4,4,4,4,3.2,2.5,3.5,5
"Z2KJt6GhkEgJ",0,NA,4.72222222222222,4.21052631578947,5.33333333333333,5,4,4,5,5,4.66666666666667,3.66666666666667,4.30769230769231,4.58333333333333,5.16666666666667,4,5,4.16666666666667,2,3.8,2.5,3.5,2
"z3rDsYqdQefP",0,3,2.33333333333333,3.15789473684211,1,1.33333333333333,3,3.66666666666667,2.66666666666667,2.33333333333333,4,4,3.07692307692308,2.25,1.16666666666667,3.33333333333333,2.5,4,1,NA,NA,NA,NA
"Z5eKVwKr5aeq",0,NA,NA,NA,NA,NA,NA,NA,NA,NA,NA,NA,NA,NA,NA,NA,NA,NA,NA,NA,NA,NA,NA
"z5t52JBwY56z",0,NA,NA,NA,NA,NA,NA,NA,NA,NA,NA,NA,NA,NA,NA,NA,NA,NA,NA,NA,NA,NA,NA
"z8bPmhZdWR09",0,6,4.5,4.10526315789474,5,4.33333333333333,4.33333333333333,4,5,4.33333333333333,4,4,4.07692307692308,4.41666666666667,4.66666666666667,4.16666666666667,4.66666666666667,4,3,3,3,3,3.5
"ZjuTsWXujfXd",1,5.4,4.11111111111111,4.57894736842105,3,3,4.33333333333333,5,4.33333333333333,5,5,5,4.53846153846154,3.83333333333333,3,4.66666666666667,4.66666666666667,5,2,4,3,4,3.5
"zRDg5gXHKEqJ",0,3.2,4.72222222222222,4.42105263157895,4.66666666666667,5,4.33333333333333,4.66666666666667,4.66666666666667,5,4.33333333333333,4.66666666666667,4.38461538461539,4.66666666666667,4.83333333333333,4.5,4.83333333333333,4.5,2,3.3,3.5,3.5,2.5
"ZrgJd3V8mEDq",0,2.8,NA,NA,NA,NA,NA,NA,NA,NA,NA,NA,NA,NA,NA,NA,NA,NA,NA,NA,NA,NA,NA
"zXjqtpGwUPhX",0,3,NA,NA,NA,NA,NA,NA,NA,NA,NA,NA,NA,NA,NA,NA,NA,NA,NA,2.7,2,1.5,4.5
